Produto_numero;Nome;Codigo;Familia_numero;Linha_numero;Grupo;Fabricante;Fabricado_por;Conteudo_unidade;Unidade_medida;Peso_liquido;Peso_bruto;Preco_compra;Preco_venda;Estoque_minimo;Estoque_maximo;Estoque_ideal;Tempo_reposicao
971;CLIP 2K FORD PN W713297;31082002;1;14;Materia Prima;ACTIFIX;Terceiros;1;UN;1;1;0.26;0.52;9;30;20;3
634;FDF SENSOR CENTRAL UP - PRK 02;31081823;5;14;Materia Prima;ADESIVOS;Terceiros;1;UN;1;0;1.00;1.11;14;35;25;4
633;FDF PT1100 BRACKET UP - PRK 01;31081822;5;14;Materia Prima;ADESIVOS MOLINA;Terceiros;1;UN;1;0;0.09;0.18;11;30;20;4
635;FDF 8478 A LD 04;31081824;5;14;Materia Prima;ADESIVOS MOLINA;Terceiros;1;UN;1;0;0.05;0.10;9;30;20;11
636;FDF 8478 A LE  05;31081825;5;14;Materia Prima;ADESIVOS MOLINA;Terceiros;1;UN;1;0;0.05;0.10;11;30;20;10
1446;ABS CYCOLAC MG37EPX;31082241;1;16;Materia Prima;PIRAMIDAL;Terceiros;1;KG;1;1;650.00;780.00;6;30;20;12
1449;AIR PIPE ADPTER BRACKET SCANIA;31082244;5;22;Acabado;PRIMA SOLE COMPONENTE AUTOMOTIVO;Terceiros;1;UN;0.025;0.025;120.00;144.00;5;25;15;5
1587;AIRDAM LH;31082382;5;21;Acabado;PO Taubate;Terceiros;1;UN;0.064;0.128;50.00;60.00;10;30;20;15
392;ABS AG12 A0 NR (NATURAL);31081664;1;14;Materia Prima;ADVENCED;Terceiros;1;KG;1;1;27.00;41.50;9;30;20;6
396;ABS/PC Ultra 4255 BK901510;31081666;1;8;Materia Prima;ADVENCED;Terceiros;1;KG;1;1;31.00;32.78;4;25;15;10
397;ABS NOVODUR H604 NR (NATURAL);31081667;1;1;Materia Prima;ADVENCED;Terceiros;1;KG;1;1;12.00;33.30;7;30;20;12
693;ENFORM 090;31081854;1;1;Materia Prima;ADVENCED;Terceiros;1;KG;1;1;14.00;31.80;12;30;20;8
327;ETIQUETA DE APROVADO;31081630;7;7;Acabado;ADVENCED;Terceiros;1;UN;1;1;1.00;1.00;8;30;20;7
328;ETIQUETA INTERNA MENOR;31081631;7;7;Acabado;ADVENCED;Terceiros;1;UN;1;1;1.00;1.00;9;30;20;7
329;ETIQUETA INTERNA MAIOR;31081632;7;7;Acabado;ADVENCED;Terceiros;1;UN;1;1;1.00;1.00;6;30;20;14
419;SUPORTE DO FILTRO;31081679;13;19;Acabado;ADVENCED;Terceiros;1;UN;459;460;1.00;1.00;4;25;15;9
428;RETAINER SUNSHADE (HOLDER);31081688;13;19;Acabado;ADVENCED;Terceiros;1;UN;249;250;1.00;1.00;14;30;20;14
509;SUPORTE LATERAL / CENTRAL AI94;31081729;13;19;Acabado;ADVENCED;Terceiros;1;UN;299;300;1.00;1.00;11;30;20;15
1135;INJETORA BATTENFELD BA 6500/8000;31082095;16;24;Acabado;ADVENCED;Terceiros;1;UN;1;1;89559.00;98600.00;11;30;20;8
1141;CAIXA PLASTICA;31082097;6;12;Embalagem;ADVENCED;Terceiros;1;UN;1;2;125.00;200.00;3;25;15;14
1142;INJETORA ENGEL MOD ES.650/300HL;31082098;16;24;Acabado;ADVENCED;Terceiros;1;UN;1;2;17751.00;35800.00;5;25;15;6
1156;INJEcaO MOLDURA COIFA;31082105;3;14;Acabado;ADVENCED;Terceiros;1;UN;1;1;42487.00;63000.00;12;30;20;7
1376;CAIXA CX 30-1502;31082187;5;14;Embalagem;ADVENCED;Terceiros;1;UN;1;1;4.00;200.00;4;25;15;12
1378;DISPOSITIVO CONTROLE BAFFLE GSB CF7330694AA;31082188;13;19;Acabado;ADVENCED;Terceiros;1;UN;100;100;29690.00;31859.87;6;30;20;6
1379;DISPOSITIVO RESFRIAMENTO QUEBRA ONDA CJ76330694AA;31082189;13;19;Acabado;ADVENCED;Terceiros;1;UN;100;100;39972.00;73555.07;7;30;20;9
1380;QUEBRA ONDA GBS 73311336AA;31082190;13;19;Acabado;ADVENCED;Terceiros;1;UN;100;100;27204.00;100000.00;14;35;25;3
1475;AIRDAM RH;31082270;5;21;Acabado;PO Taubate;Terceiros;1;UN;0.064;0.128;60.00;72.00;5;25;15;3
1465;ASSY FILLER PIPE BRACKET MQB C/ FURO;31082260;5;3;Acabado;PO Piraquara;Terceiros;1;UN;0.468;0.46792;60.00;72.00;13;35;25;9
1524;ASSY FILLER PIPE BRACKET MQB C/ FURO E CABLE STRAP;31082319;5;3;Acabado;PO Piraquara;Terceiros;1;UN;0.468;0.46792;60.00;72.00;15;35;25;13
1525;ASSY FILLER PIPE BRACKET MQB C/ FURO E CABLE STRAP;31082320;5;3;Acabado;PO Piraquara;Terceiros;1;UN;0.483;0.48292;60.00;72.00;4;25;15;10
1418;ASSY FILTER BRACKETT SIEL VW;31082214;5;3;Acabado;PO Piraquara;Terceiros;1;UN;0.0474;0.44731;60.00;72.00;8;30;20;2
91;CHICOTE 7620001 (1H9201142B);31081584;1;3;Materia Prima;AMPLICABOS;Terceiros;1;UN;0.005;0.005;1.00;2.29;7;30;20;11
1427;ASSY VALVE - BOCAL DE ENCHIMENTO MQB;31082223;5;14;Acabado;PRK;Terceiros;1;UN;0.0238;0.02374;60.00;72.00;10;30;20;3
1546;BATERIA TRACIONARIA LITIO HANGCHA HC-C015;31082341;16;24;Acabado;ADVENCED;Terceiros;1;UN;1;1;180.00;216.00;11;30;20;6
1523;BEZEL FORD KA;31082318;13;19;Acabado;PO TAUBATE;Terceiros;1;UN;1;1;12.00;14.40;12;30;20;10
546;CLIPE MAIOR / MENOR  WV;31081764;13;19;Acabado;AMTECH;Terceiros;1;UN;249;250;1.00;1.00;4;25;15;6
547;COTOVELO CORPO WV;31081765;13;19;Acabado;AMTECH;Terceiros;1;UN;449;450;1.00;1.00;12;30;20;3
548;GRADE SEM FAROL;31081766;13;19;Acabado;AMTECH;Terceiros;1;UN;299;300;1.00;1.00;8;30;20;6
1443;BOCAL DE ENCHIMENTO MQB BODY;31082238;13;22;Acabado;GOOD MOLD;Terceiros;1;UN;500;501;35.00;42.00;10;30;20;12
1313;MAQUINA DE MONTAGEM 104/32;31082151;16;24;Acabado;ARE;Terceiros;1;UN;150;151;7925.00;10000.00;8;30;20;7
1314;MAQUINA MONTAGEM 104/34;31082152;16;24;Acabado;ARE;Terceiros;1;UN;150;151;1187.00;8000.00;4;25;15;8
1315;MAQUINA DE MONTAGEM 104/37;31082153;16;24;Acabado;ARE;Terceiros;1;UN;150;151;5812.00;8000.00;11;30;20;10
1316;MANQUINA DE MONTAGEM 104/01;31082154;16;24;Acabado;ARE;Terceiros;1;UN;200;201;544.00;10000.00;6;30;20;13
1317;COLEIRO DA MAQUINA DE COLAR (PRISCELL);31082155;16;24;Acabado;ARE;Terceiros;1;UN;50;51;1390.00;2422.50;3;25;15;6
1318;DE INJEcaO ARE;31082156;16;19;Acabado;ARE;Terceiros;1;UN;100;101;5440.00;12000.00;13;30;20;10
565;TAMPA DO ARMARIO;31081783;13;19;Acabado;ARE;Terceiros;1;UN;1;2;1.00;1.00;12;30;20;2
566;PRATELEIRA CORPO;31081784;13;19;Acabado;ARE;Terceiros;1;UN;1;2;1.00;1.00;7;30;20;12
567;PRAT. PORTA + PRAT PORTA ESCOVA DE DENTE;31081785;13;19;Acabado;ARE;Terceiros;1;UN;1;2;1.00;1.00;5;25;15;3
568;SUPORTE PARA SABONETEIRA;31081786;13;19;Acabado;ARE;Terceiros;1;UN;1;2;1.00;1.00;8;30;20;10
569;TOALHEIRA;31081787;13;19;Acabado;ARE;Terceiros;1;UN;1;2;1.00;1.00;6;30;20;14
570;PAPELEIRA E SABONETEIRA;31081788;13;19;Acabado;ARE;Terceiros;1;UN;1;2;1.00;1.00;3;25;15;14
799;PPC CZ005 I T20 U3;31081925;1;14;Materia Prima;ATOMO;Terceiros;1;KG;1;1;24.00;27.98;11;30;20;3
1375;DE INJEcaO BAFFLE;31082186;16;19;Acabado;AUTO INERGY;Terceiros;1;UN;2000;2000;1.00;1.00;12;30;20;11
1161;MASTER COLOR BLACK JA6;31082107;12;14;Materia Prima;AVIENT;Terceiros;1;UN;1;1;17.00;78.08;9;30;20;13
1162;MASTER COLOR BLACK YZ9 CARBON BLACK;31082108;12;14;Materia Prima;AVIENT;Terceiros;1;UN;1;1;8.00;73.54;14;35;25;8
1163;MASTER COLOR POLAR SIVER CQ2;31082109;12;14;Materia Prima;AVIENT;Terceiros;1;UN;1;1;112.00;220.07;5;25;15;7
1168;MASTER color Black ZCT MID GRAy;31082111;1;14;Materia Prima;Avient;Terceiros;1;KG;1;1;30.00;69.25;8;30;20;3
1169;MASTER Color SATIN GRAY;31082112;12;14;Materia Prima;Avient;Terceiros;1;kg;1;1;39.00;80.00;9;30;20;7
1177;MASTER POM 669;31082116;1;14;Materia Prima;AVIENT;Terceiros;1;KG;1;1;57.00;62.29;13;30;20;6
1326;MASTER POM  PRETO;31082163;1;14;Materia Prima;Avient;Terceiros;1;kg;1;1;69.00;69.42;12;30;20;3
1413;MASTER PE PRETO;31082209;1;14;Materia Prima;AVIENT;Terceiros;1;KG;1;1;5.00;17.60;15;35;25;13
1425;BOCAL DE ENCHIMENTO MQB BODY;31082221;4;14;Semi Acabado;PRK;Terceiros;1;UN;0.021;0.02094;35.00;42.00;8;30;20;4
33;PP TD10 HX CB11160G PRETO;31081540;1;11;Materia Prima;BASELL;Terceiros;1;KG;1;1;17.00;22.37;7;30;20;2
35;PP TD10 XM1T06B C11323;31081542;1;11;Materia Prima;BASELL;Terceiros;1;KG;1;1;9.00;14.03;8;30;20;14
36;PP TD20 TRC 352 PRETO;31081543;1;11;Materia Prima;BASELL;Terceiros;1;KG;1;1;1.00;15.66;9;30;20;13
40;PP TD20 EKC2033NB SCDS CINZA TERRA;31081545;1;14;Materia Prima;BASELL;Terceiros;1;KG;1;1;16.00;19.74;7;30;20;5
383;PP+EPDM TD10 Y159 – C11306;31081658;1;1;Materia Prima;BASELL;Terceiros;1;KG;1;1;7.00;14.56;12;30;20;2
387;PP+EPDM TD10 Y159 C11306;31081661;1;1;Materia Prima;BASELL;Terceiros;1;KG;1;1;9.00;14.56;9;30;20;10
959;PP+EPDM - MD20 - TYC 852P B/B1;31081990;1;14;Materia Prima;BASELL;Terceiros;1;UN;1;1;11.00;15.25;4;25;15;4
960;PP+EPDM - MD20 - TYC 852XB BLACK/1;31081991;1;14;Materia Prima;BASELL;Terceiros;1;kg;1;1;9.00;13.78;7;30;20;6
1182;RESINA G3R11 BLACK;31082117;1;14;Materia Prima;BASELL;Terceiros;1;UN;1;1;11.00;23.69;15;35;25;14
1444;BOCAL DE ENCHIMENTO MQB FLAP;31082239;13;22;Acabado;GOOD MOLD;Terceiros;1;UN;500;501;35.00;42.00;12;30;20;7
1426;BOCAL DE ENCHIMENTO MQB FLAP;31082222;4;14;Semi Acabado;PRK;Terceiros;1;UN;0.004;0.004;35.00;42.00;11;30;20;7
1457;Bolha dupla com fita hot melt de fechamento 600 x 300 mm;31082252;6;14;Embalagem;MAXIMUS;Terceiros;1;UN;1;1;90.00;108.00;10;30;20;3
1555;BOTaO LIMITADOR DE ABERTURA PRETO;31082350;5;14;Acabado;GIVI;Terceiros;1;UN;0.046;0.046;80.00;96.00;12;30;20;13
1130;RESINA NYLON PA 66 NATURAL-ULTRAMID Star A 205F Nat SB;31082092;1;14;Materia Prima;BASF;Terceiros;1;UN;1;1;37.00;37.54;8;30;20;6
1556;BOTaO LIMITADOR DE ABERTURA VERMELHO;31082351;5;14;Acabado;GIVI;Terceiros;1;UN;0.046;0.046;80.00;96.00;12;30;20;4
1325;Maquina Injetora Battenfild TM 270 TONS;31082162;16;24;Acabado;BATTENFILD;Terceiros;1;UN;500000;500000;19993.00;25000.00;8;30;20;15
48;MASTERBATCH PE PRETO;31081551;1;3;Materia Prima;BEVI PLASTIC;Terceiros;1;KG;1;1;4.00;47.91;9;30;20;12
49;MASTERBATCH POM PRETO 808;31081552;1;14;Materia Prima;BEVI PLASTIC;Terceiros;1;KG;1;1;24.00;61.45;3;25;15;15
50;MASTERBATCH POM CINZA 669;31081553;1;14;Materia Prima;BEVI PLASTIC;Terceiros;1;KG;1;1;42.00;86.33;8;30;20;12
79;MASTERBATCH PE PRETO;31081573;1;3;Materia Prima;BEVI PLASTIC;Terceiros;1;GR;1;0;20.00;23.32;11;30;20;4
725;MASTER POM KEPTIAL - GRAY 140B;31081872;1;22;Materia Prima;BEVI PLASTIC;Terceiros;1;KG;1;1;61.00;81.47;6;30;20;7
726;MASTER POM KEPTIAL - BLACK 202B;31081873;1;22;Materia Prima;BEVI PLASTIC;Terceiros;1;KG;1;1;14.00;67.37;11;30;20;4
727;MASTER PA6GF30 - GRAY 140B;31081874;1;22;Materia Prima;BEVI PLASTIC;Terceiros;1;KG;1;1;84.00;98.61;11;30;20;10
728;MASTER PA6GF30 - BLACK 202B;31081875;1;22;Materia Prima;BEVI PLASTIC;Terceiros;1;KG;1;1;8.00;88.92;14;35;25;8
729;MASTER ABSH604 - GRAY 140B;31081876;1;22;Materia Prima;BEVI PLASTIC;Terceiros;1;KG;1;1;83.00;94.74;6;30;20;4
730;MASTER ABSH604 - BLACK 202B;31081877;1;22;Materia Prima;BEVI PLASTIC;Terceiros;1;KG;1;1;10.00;82.24;8;30;20;14
951;MASTER COM ADITIVO UV;31081986;1;14;Materia Prima;BEVI PLASTIC;Terceiros;1;KG;1;1;105.00;114.42;13;30;20;8
1093;MASTERBATCH CD 21.399/01 BEGE HONDA TF04;31082072;1;14;Materia Prima;BEVI PLASTIC;Terceiros;1;UN;1;1;50.00;94.86;12;30;20;11
1343;SANTOPRENE 121-73W175;31082172;1;14;Materia Prima;Biesterfeld;Terceiros;1;UN;1;2;21.00;61.65;11;30;20;4
1568;CAIXA DE PAPELaO - 1000x600x300;31082363;6;14;Embalagem;ONDULAPEL;Terceiros;1;UN;1;1;25.00;30.00;10;30;20;2
982;PORCA CLIP REDONDA M6 - 697470000600000;31082013;1;14;Materia Prima;BOLHOFF;Terceiros;1;UN;1;1;0.29;0.59;15;35;25;3
983;PORCA CLIP QUADRADA M6;31082014;1;14;Materia Prima;BOLHOFF;Terceiros;1;UN;1;1;0.33;0.65;10;30;20;8
708;PINO EXTRATOR TIPO C;31081863;5;18;Acabado;CASA DO FERRAMENTEIRO;Terceiros;1;UN;1;1;17.00;26.80;9;30;20;2
510;TRAPPE ANNEAU PC T A9;31081730;13;19;Acabado;CASA DO FERRAMENTEIRO;Terceiros;1;UN;299;300;1.00;1.00;6;30;20;12
1187;CESTRAN CS PP-GF 40-20 AD 3004 BLACK W4;31082119;12;14;Materia Prima;CELANESE;Terceiros;1;KG;1000;1000;4.00;28.60;11;30;20;2
1340;HOSTAFORM EC140XF CD3068 PRETO;31082171;1;16;Materia Prima;CELANESE;Terceiros;1;KG;1;2;27.00;32580.00;13;30;20;11
1604;CAIXA DE PAPELaO - 600 x 400 x 260 mm;31082398;6;14;Embalagem;Ondulapel;Terceiros;1;UN;1;1;25.00;30.00;13;30;20;13
970;EMBLEMA TAMPA TRASEIRA “ ECO ESPORT “;31082001;1;14;Materia Prima;COBRA METAIS;Terceiros;1;UN;1;1;6.00;18.00;15;35;25;5
831;28140  - AMCEL LP20 ACETAL COPLOLYME;31081941;1;14;Materia Prima;COMPONENT;Terceiros;1;KG;1;1;8.00;30.34;3;25;15;6
631;RESINA LAPRENE 8M35 91 D40;31081820;1;14;Materia Prima;COMPOSTOS DO BRASIL;Terceiros;1;KG;1;1;13.00;34.21;5;25;15;10
632;RESINA LAPRENE 8M35 91 D50;31081821;1;14;Materia Prima;COMPOSTOS DO BRASIL;Terceiros;1;KG;1;1;34.00;35.98;9;30;20;4
700;POM NATURAL KP20;31081857;1;1;Materia Prima;COMPOSTOS DO BRASIL;Terceiros;1;KG;1;1;18.00;21.56;15;35;25;15
830;POM CELCON M270;31081940;1;11;Materia Prima;COMPOSTOS DO BRASIL;Terceiros;1;KG;1;1;5.00;25.19;11;30;20;10
1112;RESINA MULTIFLEX G 75 A 520 A 21 BT Z4238;31082084;1;14;Materia Prima;COMPOSTOS DO BRASIL;Terceiros;1;UN;1;1;2.00;39.77;12;30;20;14
1567;CAIXA DE PAPELaO - 600x400x210;31082362;6;14;Embalagem;ONDULAPEL;Terceiros;1;UN;1;1;25.00;30.00;7;30;20;14
1160;CPE - INSPIRE TF 2801 EU – norma WSS-M4D1005-A1;31082106;1;14;Materia Prima;CPE;Terceiros;1;UN;1;1;10.00;23.35;5;25;15;7
1530;CAIXA PLASTICA KLT AMARELA CC24;31082325;6;14;Embalagem;POLYFAST;Terceiros;1;UN;10000;10000;25.00;30.00;10;30;20;4
1531;CAIXA PLASTICA KLT AZUL CC24;31082326;6;14;Embalagem;POLYFAST;Terceiros;1;UN;1000;1000;25.00;30.00;3;25;15;15
680;ALCOOL ETILICO HIDRATADO 92.8%;31081846;8;16;Acabado;DISSAN;Terceiros;1;UN;1;1;2.00;12.99;8;30;20;5
506;SUPORTE DRL AI51;31081726;13;19;Acabado;DISSAN;Terceiros;1;UN;449;450;1.00;1.00;11;30;20;13
1368;PRISIONEIRO PRE FF MM 5x15 x K 11 AT ZN05;31082181;1;14;Materia Prima;DPR;Terceiros;1;UN;1;1;0.02;0.04;10;30;20;9
756;CAIXA DE PAPELaO ONDA C 615X415X300;31081901;6;12;Embalagem;DULL EMBALAGENS;Terceiros;1;UN;1;1;8.00;9.63;6;30;20;11
931;CAIXA DE PAPELaO ONDA B 700X750X500;31081978;6;12;Embalagem;DULL EMBALAGENS;Terceiros;1;UN;1;1;20.00;36.50;4;25;15;12
973;CAIXA DE PAPELaO - 1200 x 1000 x 400 mm;31082004;6;14;Embalagem;DULL EMBALAGENS;Terceiros;1;UN;1;1;21.00;57.36;5;25;15;12
974;CAIXA DE PAPELaO - 600 x 400 x 260 mm;31082005;6;14;Embalagem;DULL EMBALAGENS;Terceiros;1;UN;1;1;2.00;7.60;4;25;15;4
975;CAIXA DE PAPELaO - 1000 x 400 x 320 mm;31082006;6;14;Embalagem;DULL EMBALAGENS;Terceiros;1;UN;1;1;9.00;23.76;13;30;20;14
976;CAIXA DE PAPELaO - 1200 x 1000 x 450 mm;31082007;6;14;Embalagem;DULL EMBALAGENS;Terceiros;1;UN;1;1;47.00;59.38;11;30;20;15
977;CAIXA DE PAPELaO - 1780 x 1230 x 450 mm;31082008;6;14;Embalagem;DULL EMBALAGENS;Terceiros;1;UN;1;1;20.00;93.02;15;35;25;8
978;CAIXA DE PAPELaO - 1000 x 400 x 400 mm;31082009;6;14;Embalagem;DULL EMBALAGENS;Terceiros;1;UN;1;1;6.00;25.20;10;30;20;7
979;SEPARADOR DE PAPELaO -  600 x 400 mm;31082010;6;14;Embalagem;DULL EMBALAGENS;Terceiros;1;UN;1;1;1.00;2.80;4;25;15;7
980;SEPARADOR DE PAPELaO KMK - Kraft  - 1780 x 1230 mm;31082011;6;14;Embalagem;DULL EMBALAGENS;Terceiros;1;UN;1;1;14.00;17.85;8;30;20;7
981;SEPARADOR DE PAPELaO KMK - Kraft  - 1200 x 1000 mm;31082012;6;14;Embalagem;DULL EMBALAGENS;Terceiros;1;UN;1;1;8.00;10.09;10;30;20;4
1095;SEPARADOR DE PAPELaO 1135X935;31082073;6;14;Embalagem;DULL EMBALAGENS;Terceiros;1;UN;1;1;10.00;10.21;4;25;15;8
1146;RESINA DE NYLON PA 66 Zytel101F NC010;31082100;1;14;Materia Prima;DUPONT;Terceiros;1;UN;1;1;1.00;38.74;6;30;20;7
1414;TAPPING SCREW WITH FCS THREAD;31082210;5;22;Materia Prima;EJOT FEY;Terceiros;1;UN;1;1;26.00;37.48;7;30;20;9
627;Motor Weg 1725  com ventoinha;31081816;16;15;Acabado;Eletro Benegil;Terceiros;1;UN;1;1;196.00;1251.75;6;30;20;15
456;TAMPA DA BASE X6H;31081716;13;19;Acabado;Eletro Benegil;Terceiros;1;UN;1;2;1.00;1.00;3;25;15;15
1324;Maquina Injetora Engel 400 TONS;31082161;16;24;Acabado;ENGEL;Terceiros;1;UN;500000;500000;90014.00;220000.00;8;30;20;6
1602;Camara quente Filler Pipe Bracket L7;31082396;13;14;Acabado;Polimold;Terceiros;1;un;20;21;150.00;180.00;14;35;25;15
1057;MOLDURA B515MCA;31082036;5;14;Acabado;ENGEL;Terceiros;1;UN;1;1;1.00;1.00;15;35;25;7
43;POM CELCON M90;31081546;1;14;Materia Prima;ENTEC;Terceiros;1;KG;1;1;10.00;22.90;13;30;20;6
390;PPT 20 EF109AEB-P017;31081662;1;22;Materia Prima;Entec;Terceiros;1;KG;1;1;15.00;19.62;15;35;25;2
1345;POM NATURAL M90;31082174;1;14;Materia Prima;ENTEC;Terceiros;1;kg;1;2;17.00;22.90;5;25;15;7
949;Capa Plastica SLA 22.2;31081984;13;19;Acabado;PRK;Terceiros;1;UN;100;101;25.00;25000.00;15;35;25;9
1547;CARREGADOR BATERIA TRACIONARIA LITIO HANGCHA SLC-80200;31082342;16;24;Acabado;ADVENCED;Terceiros;1;UN;1;1;200.00;240.00;7;30;20;15
83;CHAPA DE ESPELHO 1400 X 700;31081577;1;13;Materia Prima;EUROQUADROS;Terceiros;1;UN;1;1;16.00;41.56;7;30;20;2
769;CHAPA DE ESPELHO 0.8 x 2.10;31081910;1;13;Materia Prima;EUROQUADROS;Terceiros;1;UN;1;1;139.00;146.09;12;30;20;9
770;CHAPA DE ESPELHO 10.0 x 2.30;31081911;1;13;Materia Prima;EUROQUADROS;Terceiros;1;UN;1;1;111.00;200.00;6;30;20;13
771;CHAPA DE ESPELHO 10.0 x 1.80;31081912;1;13;Materia Prima;EUROQUADROS;Terceiros;1;UN;1;1;47.00;156.52;10;30;20;4
772;CHAPA DE ESPELHO 1.20.0 x 1.80;31081913;1;13;Materia Prima;EUROQUADROS;Terceiros;1;UN;1;1;132.00;187.83;14;35;25;10
382;PORCA MOLA (PINcA);31081657;1;14;Materia Prima;FANANDRI;Terceiros;1;UN;1;1;0.16;0.31;14;35;25;4
624;PORCA M6 0.8 mm;31081813;5;14;Materia Prima;FANANDRI;Terceiros;1;UN;1;1;0.09;0.18;12;30;20;8
647;PORCA RAPIDA;31081827;5;8;Materia Prima;FANANDRI;Terceiros;1;UN;1;1;1.00;1.00;15;35;25;6
455;BASE X6H;31081715;13;19;Acabado;FANANDRI;Terceiros;1;UN;549;550;1.00;1.00;14;35;25;6
457;CONSOLE BG;31081717;13;19;Acabado;FANANDRI;Terceiros;1;UN;1377;1378;1.00;1.00;15;35;25;12
459;SUPORTE DO CLIPE CENTRAL 23X;31081719;13;19;Acabado;FANANDRI;Terceiros;1;UN;369;370;1.00;1.00;6;30;20;11
1428;CENTRAL GRILLE PSA F3;31082224;5;21;Acabado;PO Taubate;Terceiros;1;UN;0.79;0.79;35.00;42.00;12;30;20;13
1147;PP EPDM TD10 PRETO;31082101;1;14;Materia Prima;FS POL;Terceiros;1;KG;1;1;5.00;7.50;15;35;25;13
1216;ABS PRETO;31082132;1;14;Materia Prima;FS POLIMEROS;Terceiros;1;UN;1;1;5.00;22.00;7;30;20;3
589;PP + EPDM TD30 PRETO;31081799;1;21;Materia Prima;FS POLLYMERS;Terceiros;1;KG;1;1;2.00;7.20;10;30;20;15
1194;PP 10% PRETO;31082122;1;14;Materia Prima;FS POLLYMERS;Terceiros;1;UN;1;1;8.00;9.50;10;30;20;3
1436;CENTRAL GRILLE PSA F3;31082231;13;19;Acabado;PO Taubate;Terceiros;1;UN;6600;6600;35.00;42.00;8;30;20;2
444;PINO DA TAMPA SMP;31081704;13;19;Acabado;FS POLLYMERS;Terceiros;1;UN;319;320;1.00;1.00;6;30;20;14
1331;PP 10% FIBRA  PRETO;31082165;1;14;Materia Prima;FS POLYMMERES;Terceiros;1;UN;1;1;10.00;16.50;13;30;20;9
1190;MAQUINA DE CORTE CNC ESPELHO  GIGATRON;31082120;16;24;Acabado;GIGATRON;Terceiros;1;Pc;120;120000;38458.00;45000.00;3;25;15;4
551;BRACKET  TOYOTA 230B;31081769;13;19;Acabado;GIGATRON;Terceiros;1;UN;1;2;1.00;1.00;13;30;20;8
1521;CHAPATEX DE FIBRA DE MADEIRA 120 X 100 CM DE 03MM;31082316;5;12;Embalagem;POLYACS;Terceiros;1;UN;1;1;28.00;33.60;4;25;15;6
1583;CLIP FILLER PIPE BRACKET CC21/CC24;31082378;13;19;Acabado;RRV;Terceiros;1;UN;124;124;12.00;14.40;14;35;25;2
1582;CLIP LIQUID TRAP TAOS;31082377;13;19;Acabado;RRV;Terceiros;1;UN;124;124;12.00;14.40;12;30;20;3
1461;CONTROLADOR DE TEMPERATURA SY-2000/06 ZONAS;31082256;10;18;Acabado;SYNCHRO-TECH;Terceiros;1;UN;1;1;50.00;60.00;6;30;20;15
1581;CORPO LIQUID TRAP TAOS;31082376;13;19;Acabado;RRV;Terceiros;1;UN;124;124;10.00;12.00;7;30;20;15
1496;CPE: 00377582 - STAPP TF0813Z PR;31082291;1;14;Materia Prima;CPE;Terceiros;1;UN;1;1;28.00;33.60;12;30;20;9
1433;DE INJEcaO AIR PIPE ADPTER BRACKET;31082228;13;19;Acabado;PRIMA SOLE;Terceiros;1;UN;338;338;80.00;96.00;5;25;15;4
870;COMPRA DE INSTRUMENTOS PARA TRABALHO;31081963;16;14;Acabado;GIVI DO BRASIL;Terceiros;1;UN;1;1;1.00;1.00;11;30;20;6
882;SE PLACA 4X2 LUNARE;31081966;13;19;Acabado;GIVI DO BRASIL;Terceiros;1;UN;1;2;16113.00;20000.00;7;30;20;11
883;Locacao de Equipamentos;31081967;16;17;Acabado;GIVI DO BRASIL;Terceiros;1;UN;1;2;1.00;1.00;11;30;20;5
886;MATERIAL PREDIAL;31081968;7;14;Acabado;GIVI DO BRASIL;Terceiros;1;UN;1;2;55.00;60.00;3;25;15;6
895;Colorimetro Colorium;31081969;5;14;Acabado;GIVI DO BRASIL;Terceiros;1;UN;1;1;425.00;590.00;6;30;20;2
919;MAQ INJ 200/460 USADO;31081974;16;24;Acabado;GIVI DO BRASIL;Terceiros;1;UN;1;2;45753.00;70000.00;11;30;20;15
920;MAQ INJ 125/290 USADA;31081975;16;24;Acabado;GIVI DO BRASIL;Terceiros;1;UN;1;1;16989.00;70000.00;4;25;15;12
925;POSTIcO DO HANDLE TOOL BOX;31081976;16;15;Acabado;GIVI DO BRASIL;Terceiros;1;UN;1;1;1.00;1.00;15;35;25;6
762;MANUTENcaO DO MOLE BR 04;31081904;10;18;Acabado;GOLD MOLD;Terceiros;1;UN;1;1;19385.00;32000.00;6;30;20;5
1208;DE INJEcaO BASE INFERIOR LIQUID TRAP;31082125;13;19;Acabado;GOLD MOLD;Terceiros;1;UN;550;550;119640.00;378300.00;12;30;20;7
1212;FP BRACKET SC 24 L 7 (INJEcaO);31082128;13;19;Acabado;GOLD MOLD;Terceiros;1;UN;200;201;59139.00;1445600.00;7;30;20;8
1213;FP BRACKET SC24 L7 (SOBRE INJEcaO);31082129;13;19;Acabado;GOLD MOLD;Terceiros;1;UN;200;201;83663.00;212369.23;12;30;20;2
1355;PLASTIC FASTENER STUD HJF / PA66 + INSERTO METALICO;31082177;13;22;Acabado;GOLD MOLD;Terceiros;1;KG;500;501;70758.00;126000.00;9;30;20;15
1356;PLASTIC FASTENER STUD HJF / HDPE + CONJUNTO PA66 E INSERTO METALICO;31082178;13;22;Acabado;GOLD MOLD;Terceiros;1;UN;500;501;118960.00;126000.00;6;30;20;5
1357;PLASTIC FASTENER DIAM 14 c/Validacao;31082179;13;22;Acabado;GOLD MOLD;Terceiros;1;UN;500;501;136944.00;178800.00;3;25;15;4
523;TELA DO AUTO FALANTE;31081742;13;19;Acabado;GOLD MOLD;Terceiros;1;UN;1;2;1.00;1.00;12;30;20;4
555;SOBRE INJEcaO BRACKET SMART CAR PSA;31081773;13;19;Acabado;GOLD MOLD;Terceiros;1;UN;1;2;59638.00;257158.00;11;30;20;15
558;FILLER CUP ASSE B52 PH2 L7;31081776;13;19;Acabado;GOLD MOLD;Terceiros;1;UN;1;2;1.00;1.00;9;30;20;9
559;FILLER CUP ASSE L52 PH2 L7;31081777;13;19;Acabado;GOLD MOLD;Terceiros;1;UN;1;2;1.00;1.00;14;35;25;3
572;TAMPA DA PAPELEIRA;31081790;13;19;Acabado;GOLD MOLD;Terceiros;1;UN;1;2;1.00;1.00;11;30;20;14
578;FRONT WHEEL ARCH UPPER;31081793;13;19;Acabado;GOLD MOLD;Terceiros;1;UN;1499;1500;1.00;1.00;15;35;25;13
579;BAVETE   9812333480  1699007 X  PO;31081794;13;19;Acabado;GOLD MOLD;Terceiros;1;UN;2699;2700;1.00;1.00;14;35;25;14
1468;DE INJEcaO AIRDAM;31082263;13;19;Acabado;PO;Terceiros;1;UN;450;450;80.00;96.00;3;25;15;12
1451;DE INJEcaO CLIP LEVELING TUBE;31082246;13;19;Acabado;PO AUTO INERGY;Terceiros;1;UN;450;450;90.00;108.00;6;30;20;5
1384;DE INJEcaO COVER SCANIA;31082194;13;19;Acabado;PRIMA SOLE;Terceiros;1;UN;1110;1110;70.00;84.00;6;30;20;6
1469;DE INJEcaO FOG LAMP BRACKET;31082264;13;19;Acabado;PO;Terceiros;1;UN;450;450;70.00;84.00;6;30;20;4
1470;DE INJEcaO FOG LAMP COVER;31082265;13;19;Acabado;PO;Terceiros;1;UN;450;450;50.00;60.00;8;30;20;11
1471;DE INJEcaO GRILL COVER LOWER_UPPER;31082266;13;19;Acabado;PO;Terceiros;1;UN;450;450;50.00;60.00;15;35;25;14
1386;DE INJEcaO LED HOUSING SCANIA;31082196;13;19;Acabado;PRIMA SOLE;Terceiros;1;UN;900;900;35.00;42.00;14;35;25;3
1383;DE INJEcaO MUDGUARD COVER SCANIA;31082193;13;22;Acabado;PRIMA SOLE;Terceiros;1;UN;870;870;40.00;48.00;15;35;25;15
740;MaO PRESA SEUIL COFFRE GRIP HANDLE;31081887;13;19;Acabado;GOOD MOLD;Terceiros;1;UN;1;2;16392.00;30000.00;11;30;20;11
741;SUPPORT TABLET GARN SUP TABLETTE;31081888;13;19;Acabado;GOOD MOLD;Terceiros;1;UN;1;2;41718.00;350000.00;14;35;25;10
742;MaO PRESA SUPPORT TABLET GRIP HANDLE;31081889;13;19;Acabado;GOOD MOLD;Terceiros;1;UN;1;2;9354.00;30000.00;3;25;15;7
743;MDC GARN SEUIL COFFRE;31081890;13;19;Acabado;GOOD MOLD;Terceiros;1;UN;1;2;22835.00;50000.00;13;30;20;5
744;MDC GARN SUP TABLETE AR;31081891;13;19;Acabado;GOOD MOLD;Terceiros;1;UN;1;2;48848.00;50000.00;12;30;20;7
748;SUP PESTANA DIANT;31081893;13;19;Acabado;GOOD MOLD;Terceiros;1;UN;1;1;76564.00;80000.00;15;35;25;3
749;MaO PRESA MD.61.0674-0;31081894;13;19;Acabado;GOOD MOLD;Terceiros;1;UN;1;2;924.00;5000.00;3;25;15;7
750;MaO PRESA MD.61.0684-0;31081895;13;19;Acabado;GOOD MOLD;Terceiros;1;UN;1;2;4210.00;5000.00;15;35;25;11
745;POM - KOCETAL K300;31081892;1;1;Materia Prima;IMCD BRASIL;Terceiros;1;KG;1;1;13.00;22.60;8;30;20;6
1332;Dinamometro Impac IP90DI;31082166;7;27;Acabado;IMPAC;Terceiros;1;UN;1;1;4442.00;5500.00;13;30;20;12
1122;IBC 1000L REMANUFATURADO;31082091;6;14;Embalagem;INDEBA;Terceiros;1;UN;1;1;27.00;793.65;9;30;20;15
928;de Injecao Fill Vent Nipple;31081977;13;19;Acabado;INJEMOLD;Terceiros;1;UN;1;1;172.00;197.00;14;35;25;3
1385;DE INJEcaO MUDGUARD SEAL  SCANIA;31082195;13;19;Acabado;PRIMA SOLE;Terceiros;1;UN;1250;1250;40.00;48.00;6;30;20;10
1474;DE INJEcaO PDC SUPPORT LOWER_UPPER;31082269;13;19;Acabado;PO;Terceiros;1;UN;450;450;55.00;66.00;10;30;20;7
1277;PEAD HJ221;31082135;1;14;Materia Prima;Kautex;Terceiros;1;KG;1;1;5.00;5.50;4;25;15;3
1373;DE INJEcaO COMPONENTE CVS TOYOTA;31082184;13;19;Acabado;KAUTEX;Terceiros;1;UN;450;450;1.00;1.00;10;30;20;2
1473;DE INJEcaO REAR SUPPORT BRACKET;31082268;13;19;Acabado;PO;Terceiros;1;UN;450;450;36.00;43.20;9;30;20;9
1472;DE INJEcaO SUPPORT BRACKET;31082267;13;19;Acabado;PO;Terceiros;1;UN;450;450;40.00;48.00;14;35;25;15
1541;DISPOSITIVO BLANKING PIECE CG/CR/CS;31082336;13;27;Acabado;POLYFAST;Terceiros;1;UN;1;2;20.00;24.00;14;35;25;2
811;DISPOSITIVO DE CONTROLE AA-TOY-230B-MIRROR-FRAME-RH;31081934;13;27;Acabado;KAUTEX;Terceiros;1;UN;1;2;8382.00;8997.75;10;30;20;5
812;DISPOSITIVO DE CONTROLE AA -TOY-230B-SHAFT-NOT-ILLUMINATED-RH-NR;31081935;13;27;Acabado;KAUTEX;Terceiros;1;UN;1;2;6711.00;6880.63;13;30;20;9
148;MH00000020-5 EMBALAGEM POLIONDA SLIDE SURFACE;31081605;6;12;Embalagem;KLIPPAN;Terceiros;1;UN;1;2;228.00;304.89;15;35;25;2
155;MH00000018-5 KLT Handle Tool Box;31081606;6;12;Embalagem;KLIPPAN;Terceiros;1;UN;1;2;22.00;171.22;11;30;20;2
156;MH00000003-5 GLT SIDE STORAGE;31081607;6;12;Acabado;KLIPPAN;Terceiros;1;UN;1;2;1011.00;1200.00;12;30;20;13
157;MH00000005-5 KLT TRIM PANEL;31081608;6;12;Embalagem;KLIPPAN;Terceiros;1;UN;1;2;22.00;73.04;12;30;20;2
158;MH00000019-5 KLT GUIDE PIN;31081609;6;12;Acabado;KLIPPAN;Terceiros;1;UN;1;1;254.00;278.51;15;35;25;9
159;MH00000024-5 PALLET PARA CAIXAS KLT;31081610;6;12;Acabado;KLIPPAN;Terceiros;1;UN;1;2;48.00;267.85;11;30;20;5
160;MH00000012-5 KLT BLANKING PIECES;31081611;6;12;Embalagem;KLIPPAN;Terceiros;1;UN;1;2;46.00;87.39;9;30;20;9
161;MH00000012-5 KLT RELEASE MECHANISM;31081612;6;12;Acabado;KLIPPAN;Terceiros;1;UN;1;2;29.00;73.04;10;30;20;11
950;MH00000006-5 - KLT DIVERSOS;31081985;6;14;Embalagem;KLIPPAN;Terceiros;1;UN;1;1;2.00;36.51;3;25;15;10
1073;ENCHIMENTO B562;31082052;5;14;Acabado;KLIPPAN;Terceiros;1;UN;1;1;1.00;1.00;6;30;20;7
1074;REFORCO B562;31082053;5;14;Acabado;KLIPPAN;Terceiros;1;UN;1;1;1.00;1.00;7;30;20;6
1075;ISOLADOR;31082054;5;14;Acabado;KLIPPAN;Terceiros;1;UN;1;1;1.00;1.00;13;30;20;10
1076;COBERTURA B515;31082055;5;14;Acabado;KLIPPAN;Terceiros;1;UN;1;1;1.00;1.00;3;25;15;4
80;INSONO AZUL INSONO SEUIL COFRRE;31081574;1;1;Materia Prima;LC ESPUMA;Terceiros;1;UN;1;1;1.00;1.41;5;25;15;15
81;MOUSSE CINZA DE ESTANQUIEDADE;31081575;1;1;Materia Prima;LC ESPUMA;Terceiros;1;UN;1;1;0.15;0.29;7;30;20;14
113;CHAPA DE ESPELHO 1.10 X 0.80;31081603;1;13;Materia Prima;LEaO;Terceiros;1;UN;1;1;49.00;71.22;15;35;25;11
92;CAIXA DE PAPELaO 615x415x300;31081585;6;3;Embalagem;LUMAPACK;Terceiros;1;UN;1;1;5.00;8.44;4;25;15;6
93;CAIXA DE PAPELaO 260X140X190;31081586;6;7;Embalagem;LUMAPACK;Terceiros;1;UN;1;1;1.00;1.41;14;35;25;6
861;POLIESTIRENO MEDIO IMPACTO BR;31081959;1;25;Materia Prima;MACROPLAST;Terceiros;1;KG;1;1;7.00;25.31;4;25;15;6
763;MANUTENcAO DO BR 06;31081905;10;18;Acabado;MAFER FERRAMENTARIA;Terceiros;1;UN;1;1;9746.00;19082.60;13;30;20;11
524;REAR WHEEL ARCH LOWER;31081743;13;19;Acabado;MAFER FERRAMENTARIA;Terceiros;1;UN;1399;1400;1.00;1.00;14;35;25;10
857;PEAD HS4506 NATURAL;31081955;1;9;Materia Prima;MAIS POLIMEROS;Terceiros;1;KG;1;1;14.00;19.88;5;25;15;5
1307;PALLETS DE PLASTICOS 100X1200 KAUTEX;31082148;6;14;Acabado;MARFENIT;Terceiros;1;UN;1000;1000;138.00;350.00;7;30;20;8
564;ARMARIO;31081782;13;19;Acabado;MARFENIT;Terceiros;1;UN;1;2;1.00;1.00;12;30;20;12
1305;CAIXA KLT 6429 PRETA KAUTEX;31082146;6;14;Acabado;MARFINIT;Terceiros;1;UN;1000;1000;87.00;90.00;5;25;15;7
1306;TAMPA PARA PALLET PRETO KAUTEX;31082147;6;14;Acabado;MARFINIT;Terceiros;1;UN;1000;1000;122.00;198.00;5;25;15;14
562;FRONT LOWER SPOLLER UP CROSS;31081780;13;19;Acabado;MARFINIT;Terceiros;1;UN;1;2;1.00;1.00;7;30;20;3
563;FLANDE DO TANQUE GM;31081781;13;19;Acabado;MARFINIT;Terceiros;1;UN;1;2;1.00;1.00;14;35;25;12
88;BUCHA REDONDA 11.00X1.50X18.00 AcO INOX;31081581;1;3;Materia Prima;MASION;Terceiros;1;UN;0.006;0.006;0.49;0.97;4;25;15;2
89;BUCHA OBILONGO;31081582;1;3;Materia Prima;MASION;Terceiros;1;UN;0.009;0.009;1.00;1.66;15;35;25;9
90;BUCHA REDONDA 11.00X0.50X27.00 AcO INOX;31081583;1;10;Materia Prima;MASION;Terceiros;1;UN;0.0035;0.0035;0.45;0.89;15;35;25;10
612;BUCHA INOX 12.00X1.50X8.80mm;31081806;5;22;Materia Prima;MASION;Terceiros;1;UN;0.0004;0.0004;0.47;0.94;10;30;20;8
803;BOMBA DE AGUA;31081926;5;14;Acabado;Mastec;Terceiros;1;UN;1;1;6206.00;7000.00;13;30;20;8
529;SPEED LIP LATERAL B299ICA;31081747;13;19;Acabado;Mastec;Terceiros;1;UN;449;450;1.00;1.00;4;25;15;7
530;CORPO DO TERMOSTATO;31081748;13;19;Acabado;Mastec;Terceiros;1;UN;1;2;1.00;1.00;6;30;20;2
531;ENJOLIVEUR AB;31081749;13;19;Acabado;Mastec;Terceiros;1;UN;1699;1700;1.00;1.00;11;30;20;2
532;TAMPA DO TERMOSTATO;31081750;13;19;Acabado;Mastec;Terceiros;1;UN;379;380;1.00;1.00;3;25;15;7
533;TAMPA DO REBOQUE PSA;31081751;13;19;Acabado;Mastec;Terceiros;1;UN;479;480;1.00;1.00;7;30;20;7
534;TAMPA DO REBOQUE UP VW;31081752;13;19;Acabado;Mastec;Terceiros;1;UN;399;400;1.00;1.00;11;30;20;5
1452;DISPOSITIVO DA FACA DE CORTE ESPUMA HJF;31082247;13;27;Acabado;TARZIA;Terceiros;1;UN;1;1;15.00;18.00;5;25;15;8
1150;DISPOSITIVO DE RESFRIAMENTO FILLER CUP HHA M0 L7 BRAZIL;31082103;13;27;Acabado;MAXFER;Terceiros;1;UN;30;30;5701.00;13000.00;3;25;15;10
549;GRADE COM FAROL;31081767;13;19;Acabado;MAXFER;Terceiros;1;UN;2999;3000;1.00;1.00;6;30;20;15
550;SHAFT TOYOTA 230B;31081768;13;19;Acabado;MAXFER;Terceiros;1;UN;1;2;1.00;1.00;15;35;25;11
111;SACO PLASTICO BOLHA 300X400;31081602;6;12;Embalagem;MAXIMUS;Terceiros;1;UN;1;1;0.13;0.25;8;30;20;12
218;SACO MANTA EPE 220X370X1MM;31081613;6;12;Embalagem;MAXIMUS;Terceiros;1;UN;1;1;0.18;0.36;12;30;20;5
984;Bolha dupla com fita hot melt de fechamento 1200 x 450 mm;31082015;6;14;Embalagem;MAXIMUS;Terceiros;1;UN;1;1;1.00;2.85;4;25;15;8
985;Bolha dupla com fita hot melt de fechamento 1500 x 600 mm;31082016;6;14;Embalagem;MAXIMUS;Terceiros;1;UN;1;1;4.00;4.45;8;30;20;14
986;Bolha dupla com fita hot melt de fechamento 1800 x 250mm;31082017;6;14;Embalagem;MAXIMUS;Terceiros;1;UN;1;1;2.00;2.54;5;25;15;4
987;Bolha dupla com fita hot melt de fechamento 1600 x 600 mm;31082018;6;14;Embalagem;MAXIMUS;Terceiros;1;UN;1;1;4.00;4.80;5;25;15;15
988;Bolha dupla com fita hot melt de fechamento 400 x 250 mm;31082019;6;14;Embalagem;MAXIMUS;Terceiros;1;UN;1;1;0.28;0.56;12;30;20;12
989;Bolha dupla com fita hot melt de fechamento 550 x 500 mm;31082020;6;14;Embalagem;MAXIMUS;Terceiros;1;UN;1;1;1.00;1.45;13;30;20;13
990;Bolha dupla com fita hot melt de fechamento 2000 x 500 mm;31082021;6;14;Embalagem;MAXIMUS;Terceiros;1;UN;1;1;3.00;5.10;12;30;20;6
991;Bolha dupla com fita hot melt de fechamento - 300 x 200 mm;31082022;6;14;Embalagem;MAXIMUS;Terceiros;1;UN;1;1;0.32;0.65;3;25;15;11
992;Bolha dupla com fita hot melt de fechamento - 400 x 200 mm;31082023;6;14;Embalagem;MAXIMUS;Terceiros;1;UN;1;1;0.42;0.84;3;25;15;13
993;Bolha dupla com fita hot melt de fechamento - 1100 x 400 mm;31082024;6;14;Embalagem;MAXIMUS;Terceiros;1;UN;1;1;2.00;2.40;14;35;25;15
994;Bolha dupla com fita hot melt de fechamento - 200 x 200 mm;31082025;6;14;Embalagem;MAXIMUS;Terceiros;1;UN;1;1;0.22;0.43;6;30;20;8
995;Bolha dupla com fita hot melt de fechamento - 520 x 220 mm;31082026;6;14;Embalagem;MAXIMUS;Terceiros;1;UN;1;1;0.16;0.32;3;25;15;9
996;Saco bolha - 1100 x 420 mm;31082027;6;14;Embalagem;MAXIMUS;Terceiros;1;UN;1;1;2.00;2.15;15;35;25;2
998;Saco bolha - 200 x 200 mm;31082029;6;14;Embalagem;MAXIMUS;Terceiros;1;UN;1;1;0.10;0.20;10;30;20;3
999;Saco Isomanta - 1200 x 450mm;31082030;6;14;Embalagem;MAXIMUS;Terceiros;1;UN;1;1;2.00;2.70;14;35;25;14
1388;Bolha dupla com fita hot melt de fechamento - 1800x250 mm;31082198;6;14;Materia Prima;Maximus;Terceiros;1;UN;1;1;2.00;2.54;13;30;20;10
1447;DISPOSITIVO DA FACA DE CORTE ESPUMA X67;31082242;13;27;Acabado;POLYFAST;Terceiros;1;UN;1;1;15.00;18.00;3;25;15;14
1334;PA 66 FV 30 PRETO;31082168;1;14;Materia Prima;MEGA PLAST;Terceiros;1;KG;1000;1000;2.00;14.92;15;35;25;15
18;PA66 FV30 PRETO;31081527;1;9;Materia Prima;MEGPLAST;Terceiros;1;KG;1;1;8.00;12.50;6;30;20;8
804;Cabecote Micrometrico;31081927;16;18;Acabado;MICROMILE;Terceiros;1;UN;1;1;207.00;1100.00;7;30;20;2
535;TAMPA DO REBOQUE UP CROSS VW;31081753;13;19;Acabado;MICROMILE;Terceiros;1;UN;441;442;1.00;1.00;14;35;25;3
536;TAMPA TRASEIRA SAVEIRO VW;31081754;13;19;Acabado;MICROMILE;Terceiros;1;UN;329;330;1.00;1.00;13;30;20;15
537; TAMPA DIANTEIRA SAVEIRO VW;31081755;13;19;Acabado;MICROMILE;Terceiros;1;UN;329;330;1.00;1.00;15;35;25;6
540;GRADE INF PCH-D-N-78 PSA;31081758;13;19;Acabado;MICROMILE;Terceiros;1;UN;3999;4000;4.00;7.00;5;25;15;6
541;BEZEL WITHOUT FOG;31081759;13;19;Acabado;MICROMILE;Terceiros;1;UN;399;400;1.00;1.00;13;30;20;8
542; FRONT END COVER;31081760;13;19;Acabado;MICROMILE;Terceiros;1;UN;1;2;1.00;1.00;12;30;20;15
29;PP TD40 PRETO 808 Tecnolen 21.140.403.0;31081536;1;2;Materia Prima;MITSUI;Terceiros;1;KG;1;1;2.00;8.84;6;30;20;15
32;PP TD40 CINZA 669 Tecnolen 21.140.354.0;31081539;1;2;Materia Prima;MITSUI;Terceiros;1;KG;1;1;6.00;9.02;9;30;20;12
240;PP TD20 MARBLE;31081627;1;1;Materia Prima;MITSUI;Terceiros;1;KG;1;1;1.00;8.61;12;30;20;11
241;PP TD20 CINZA LINEN 21.120.522.1;31081628;1;1;Materia Prima;MITSUI;Terceiros;1;KG;1;1;1.00;12.58;12;30;20;13
51;PA6 JET BLACK GM;31081554;3;4;Materia Prima;MOIDO;Terceiros;1;KG;1;1;1.00;1.00;13;30;20;13
52;PA6 BV CINZA GM;31081555;3;4;Materia Prima;MOIDO;Terceiros;1;KG;1;1;1.00;1.00;4;25;15;5
53;PA6 FV30  CINZA PT669;31081556;3;1;Materia Prima;MOIDO;Terceiros;1;KG;1;1;1.00;1.00;5;25;15;14
54;PA6 FV30 PRETO PT808;31081557;3;7;Materia Prima;MOIDO;Terceiros;1;KG;1;1;1.00;1.00;10;30;20;8
56;ABS F17 NATURAL;31081558;3;11;Materia Prima;MOIDO;Terceiros;1;KG;1;1;1.00;1.00;5;25;15;12
58;PP TD20 6415 RT101;31081559;3;1;Materia Prima;MOIDO;Terceiros;1;KG;1;1;1.00;1.00;5;25;15;3
59;PA66 FV20 PRETO;31081560;3;5;Materia Prima;MOIDO;Terceiros;1;KG;1;1;1.00;1.00;15;35;25;10
60;PA66 FV30 PRETO;31081561;3;3;Materia Prima;MOIDO;Terceiros;1;KG;1;1;4.00;7.00;8;30;20;3
61;PEAD HS4506 NATURAL;31081562;3;14;Materia Prima;MOIDO;Terceiros;1;KG;1;1;1.00;1.00;5;25;15;14
62;ABS+PC XCY630 BLACK 1005;31081563;3;14;Materia Prima;MOIDO;Terceiros;1;KG;1;1;1.00;1.00;4;25;15;3
63;PP TD20 CINZA LINEN 21.120.522.1;31081564;3;1;Materia Prima;MOIDO;Terceiros;1;KG;1;1;1.00;1.00;12;30;20;6
64;PP TD20 PRETO EBONY;31081565;3;1;Materia Prima;MOIDO;Terceiros;1;KG;1;1;3.00;6.00;4;25;15;3
65;PP TD40 PRETO 808 Tecnolen 21.140.403.0;31081566;3;2;Materia Prima;MOIDO;Terceiros;1;KG;1;1;1.00;1.00;13;30;20;14
66;PP TD40 CINZA 669 Tecnolen 21.140.354.0;31081567;3;2;Materia Prima;MOIDO;Terceiros;1;KG;1;1;1.00;1.00;13;30;20;11
67;PP TD10 HX CB11160G PRETO;31081568;3;11;Materia Prima;MOIDO;Terceiros;1;KG;1;1;1.00;1.00;6;30;20;11
68;PP TD10 XM1T06B C11323;31081569;3;1;Materia Prima;MOIDO;Terceiros;1;KG;1;1;1.00;1.00;6;30;20;3
69;PPT10 Y054 preto;31081570;3;1;Materia Prima;MOIDO;Terceiros;1;KG;1;1;6.00;7.30;14;35;25;2
70;POCAN B 1305 PRETO;31081571;3;7;Materia Prima;MOIDO;Terceiros;1;KG;1;1;1.00;1.00;11;30;20;3
221;PP TD20 EKC2033NB SCDS CINZA TERRA;31081615;3;14;Materia Prima;MOIDO;Terceiros;1;KG;1;1;1.00;1.00;12;30;20;3
587;POM CINZA;31081797;1;2;Materia Prima;MOIDO;Terceiros;1;KG;1;1;1.00;1.00;15;35;25;12
591;PA66 FV30 PRETO - RRA;31081800;1;5;Materia Prima;MOIDO;Terceiros;1;KG;1;1;1.00;1.00;15;35;25;6
676;PP 20% Talco Hifax XM2U16;31081843;3;3;Materia Prima;MOIDO;Terceiros;1;KG;1;1;4.00;6.00;14;35;25;5
687;MP 086014 RESINA PA66 086014HEL (NATURAL);31081848;3;25;Materia Prima;MOIDO;Terceiros;1;KG;1;1;8.00;8.00;7;30;20;6
688;MP 086014 RESINA PA66 086014HEL + MASTER;31081849;3;25;Materia Prima;MOIDO;Terceiros;1;KG;1;1;1.00;1.00;15;35;25;4
689;MP ITPM005010 RESINA PA66 00501HEL (grafite);31081850;3;25;Materia Prima;MOIDO;Terceiros;1;KG;1;1;1.00;1.00;6;30;20;9
786;POLIESTIRENO MEDIO IMPACTO BR;31081920;1;25;Materia Prima;MOIDO;Terceiros;1;KG;1;1;1.00;1.00;12;30;20;15
821;ABS HF380 UV - BR0656;31081937;1;25;Materia Prima;MOIDO;Terceiros;1;KG;1;1;1.00;1.00;14;35;25;13
845;ABS HF380 UV - MF0759;31081949;1;25;Materia Prima;MOIDO;Terceiros;1;KG;1;1;1.00;1.00;9;30;20;6
862;ABS HF380 UV - MF0759;31081960;1;25;Materia Prima;MOIDO;Terceiros;1;KG;1;1;1.00;1.00;12;30;20;3
863;ABS HF380 UV - GR0015;31081961;1;25;Materia Prima;MOIDO;Terceiros;1;KG;1;1;1.00;1.00;12;30;20;15
872;MT M81902301432 (RESINA PLASTICA PA66  GF30 15T NATURAL);31081964;1;25;Materia Prima;MOIDO;Terceiros;1;KG;1;1;1.00;1.00;9;30;20;5
445;BUCHA DA TRAVA DA HASTE SMP;31081705;13;19;Acabado;MOIDO;Terceiros;1;UN;89;90;1.00;1.00;4;25;15;4
1114;DISPOSITIVO DE CONTROLE FILLER CUP HHA;31082085;13;27;Acabado;AMTECH;Terceiros;1;UN;15;15;48.00;57.60;7;30;20;8
1115;DISPOSITIVO DE CONTROLE FILLER CUP HJD;31082086;13;27;Acabado;AMTECH;Terceiros;1;UN;15;15;48.00;57.60;3;25;15;9
850;CILINDRO P-20 Classe 2.1 ONU 1075 -GE;31081952;9;14;Acabado;MTESLA;Terceiros;1;UN;1;2;864.00;1600.00;5;25;15;12
598;PROTETIVO;31081802;5;14;Acabado;MULTIMOLD;Terceiros;1;UN;1;1;21.00;34.98;8;30;20;14
447;LID TAIL GATE;31081707;13;19;Acabado;MULTIMOLD;Terceiros;1;UN;399;400;1.00;1.00;5;25;15;9
932;FILLER CUP HHA M0 L7 BRAZIL;31081979;13;19;Acabado;NACIONAL;Terceiros;1;UN;756;756;1.00;1.00;9;30;20;10
955;FILLER CUP HJD M0 L7 BRAZIL;31081987;13;19;Acabado;NACIONAL;Terceiros;1;UN;840;840;234533.00;324588.16;15;35;25;2
956;FILLER CUP U79 M0 L7 BRAZIL;31081988;13;19;Acabado;NACIONAL;Terceiros;1;UN;760;760;147422.00;256253.81;11;30;20;8
614;MOTHER BOARD GIGABYTE H310M-M.2 DDR4 8 GER HDMI;31081807;7;15;Acabado;NEXT INFORMATICA;Terceiros;1;UN;1;1;52.00;555.00;3;25;15;13
615;PROCESSADOR INTEL PENTIUM G5420 3.8GHZ LGA1151;31081808;7;15;Acabado;NEXT INFORMATICA;Terceiros;1;UN;1;1;478.00;495.00;6;30;20;2
616;MEMORIA DESK 8GB DDR4 2666MHZ WIN MEMORY;31081809;7;15;Acabado;NEXT INFORMATICA;Terceiros;1;UN;1;1;60.00;259.00;12;30;20;12
617;"SSD 240GB 2.5"" CRUCIAL BX500 CT240BX500SSD1";31081810;7;15;Acabado;NEXT INFORMATICA;Terceiros;1;UN;1;1;94.00;280.00;11;30;20;5
618;GABINETE KMEX GX-18E0 2 BAIAS ATX FONTE PX300;31081811;7;15;Acabado;NEXT INFORMATICA;Terceiros;1;UN;1;1;97.00;194.00;9;30;20;7
450;TORRE DA SOLEIRA;31081710;13;19;Acabado;NEXT INFORMATICA;Terceiros;1;UN;249;250;1.00;1.00;15;35;25;14
451;PADDING SOLEIRA;31081711;13;19;Acabado;NEXT INFORMATICA;Terceiros;1;UN;299;300;1.00;1.00;7;30;20;10
452;TELAIO X6H;31081712;13;19;Acabado;NEXT INFORMATICA;Terceiros;1;UN;4662;4663;1.00;1.00;12;30;20;9
453;MOLDURA DO ESPELHO X6H;31081713;13;19;Acabado;NEXT INFORMATICA;Terceiros;1;UN;689;690;1.00;1.00;8;30;20;5
454;PINO X6H;31081714;13;19;Acabado;NEXT INFORMATICA;Terceiros;1;UN;359;360;1.00;1.00;8;30;20;14
404;ESPUMA B52 E L52;31081672;5;22;Materia Prima;NICHIBRAS;Terceiros;1;UN;1;1;1.00;1.73;15;35;25;8
903;ESPUMA U79 (ØE 121 x 3mm)  7331102AA;31081970;1;22;Materia Prima;NICHIBRAS;Terceiros;1;UN;1;1;1.00;1.73;6;30;20;5
904;ESPUMA HHA (ØE 128 x 3mm)  7331100AA;31081971;1;22;Materia Prima;NICHIBRAS;Terceiros;1;UN;1;1;1.00;2.30;3;25;15;13
905;ESPUMA HJD (ØE 197 x 3mm)  7331101AA;31081972;1;22;Materia Prima;NICHIBRAS;Terceiros;1;UN;1;1;1.00;3.43;10;30;20;9
1104;24720-4 / NB 56156;31082076;1;14;Materia Prima;NICHIBRAS;Terceiros;1;UN;1;1;0.20;0.40;7;30;20;3
1105;25143-14 / NB 56298;31082077;1;14;Materia Prima;NICHIBRAS;Terceiros;1;UN;1;1;6.00;9.41;14;35;25;11
1106;25144-14 / NB 56300;31082078;1;14;Materia Prima;NICHIBRAS;Terceiros;1;UN;1;1;15.00;23.31;12;30;20;11
1107;24721-7 / NB 56157;31082079;1;14;Materia Prima;NICHIBRAS;Terceiros;1;UN;1;1;0.42;0.84;12;30;20;6
1108;21690-7 / NB 56158;31082080;1;14;Materia Prima;NICHIBRAS;Terceiros;1;UN;1;1;0.39;0.77;3;25;15;10
1109;26469-14 / NB 56299;31082081;1;14;Materia Prima;NICHIBRAS;Terceiros;1;UN;1;1;7.00;9.41;6;30;20;7
1327;ESPUMA FILLER CUP HJF;31082164;6;16;Materia Prima;Nichibras;Terceiros;1;UN;0.004;0.004;1.00;1.59;9;30;20;13
1344;DISPOSITIVO DE CONTROLE ESPUMA FILLER CUP HJF;31082173;13;27;Acabado;NICHIBRAS;Terceiros;1;UN;10;11;2317.00;3500.00;11;30;20;6
401;CAIXA KLT DESMONTAVEL;31081670;6;14;Embalagem;NICHIBRAS;Terceiros;1;UN;1;1;1.00;1.00;15;35;25;10
425;ASSY NIPPLE PILZ UMBRELLA (CACHIMBINHO);31081685;13;19;Acabado;NICHIBRAS;Terceiros;1;UN;533;534;1.00;1.00;4;25;15;14
433;BLAKING PIECE CG/ CR/ CS - LH/RH SCANIA;31081693;13;19;Acabado;NICHIBRAS;Terceiros;1;UN;869;870;1.00;1.00;5;25;15;3
1279;PRIME P-8225A;31082137;5;14;Acabado;NICHIBRAS;Terceiros;1;UN;1;1;40.00;131.34;12;30;20;15
1116;DISPOSITIVO DE CONTROLE FILLER CUP U79;31082087;13;27;Acabado;AMTECH;Terceiros;1;UN;15;15;48.00;57.60;12;30;20;10
1549;DISPOSITIVO DE CONTROLE P/ BLANKING PIECE CP;31082344;13;27;Acabado;PIRAMIDAL;Terceiros;1;UN;1;2;39.00;46.80;4;25;15;7
2;PP FV 10 Cinza;31081511;1;1;Materia Prima;NOVA COR;Terceiros;1;KG;1;1;18.00;32.40;9;30;20;7
1092;RESINA PPM G004 NC - PP40 FV - HONDA;31082071;1;14;Materia Prima;NOVA COR;Terceiros;1;UN;1;1;10.00;31.10;10;30;20;8
1120;SUPORTE METALICO GOL GP LD;31082089;1;14;Materia Prima;NSJC10;Terceiros;1;UN;1;1;5.00;5.74;3;25;15;5
1121;SUPORTE METALICO GOL GP LE;31082090;1;14;Materia Prima;NSJC10;Terceiros;1;UN;1;1;4.00;5.74;12;30;20;14
5;CAIXA PLASTICA PL15;31081514;6;12;Embalagem;POLYACS;Terceiros;1;UN;2;2;58.00;150.00;15;35;25;3
6;CAIXA GLT 20;31081515;6;12;Embalagem;POLYACS;Terceiros;1;UN;1;1;101.00;150.00;11;30;20;15
9;CAIXA AGRICOLA;31081518;6;12;Embalagem;POLYACS;Terceiros;1;UN;1;1;1.00;1.00;4;25;15;4
26;RACK SACOLINHA;31081534;6;12;Embalagem;PIRAMIDAL;Terceiros;1;UN;1;2;1.00;1.00;4;25;15;9
30;CAIXA PLASTICA KLT AMARELA;31081537;6;12;Embalagem;MITSUI;Terceiros;1;UN;1;2;29.00;46.00;13;30;20;2
31;CAIXA PLASTICA KLT AZUL;31081538;6;12;Embalagem;MITSUI;Terceiros;1;UN;1;2;1.00;1.00;11;30;20;7
768;CAIXA FLC 1210 CFJLB MOD 1050 CGE 102000529;31081909;6;12;Embalagem;LUMAPACK;Terceiros;1;UN;1;2;649.00;771.07;4;25;15;2
774;CAIXA PLASTICA PL15 BRACKET;31081915;6;3;Embalagem;LUMAPACK;Terceiros;1;UN;2;2;19.00;24.80;8;30;20;15
844;MATERIAL PARA USO-CONSUMO EM GERAL;31081948;8;16;Fiscal;TANBY;Terceiros;1;UN;1;1;1.00;1.00;15;35;25;4
1551;DISPOSITIVO DE CONTROLE P/ GUIDE PIN;31082346;13;27;Acabado;Vetherm;Terceiros;1;UN;1;2;39.00;46.80;12;30;20;14
1548;DISPOSITIVO DE CONTROLE P/ HANDLE TOOL BOX;31082343;13;27;Acabado;POLYACS;Terceiros;1;UN;1;2;39.00;46.80;6;30;20;9
1550;DISPOSITIVO DE CONTROLE P/ SLIDING SURFACE;31082345;13;27;Acabado;PIRAMIDAL;Terceiros;1;UN;1;2;45.00;54.00;6;30;20;7
1539;DISPOSITIVO DE CORTE AIRDAM CC24;31082334;5;27;Acabado;MTESLA;Terceiros;1;UN;200;200;55.00;66.00;13;30;20;7
1566;DISPOSITIVO DE MONTAGEM FILLER PIPE BRACKET MQB;31082361;13;27;Acabado;PRK;Terceiros;1;UN;20;21;80.00;96.00;12;30;20;11
691;DERLIN@ 500P NC010 - POM;31081852;1;1;Materia Prima;NZ;Terceiros;1;KG;1;1;20.00;31.75;4;25;15;2
701;POM CELCON M90;31081858;1;1;Materia Prima;NZ;Terceiros;1;KG;1;1;22.00;33.77;13;30;20;15
508;SUPORTE PDC LATERAL / CENTRAL AI51;31081728;13;19;Acabado;Oficina 3D;Terceiros;1;UN;299;300;1.00;1.00;5;25;15;4
543;GRADE INFERIOR CENTRAL S/FRISO;31081761;13;19;Acabado;Oficina 3D;Terceiros;1;UN;8485;8486;1.00;1.00;14;35;25;4
544;TAMPA SIGMA;31081762;13;19;Acabado;Oficina 3D;Terceiros;1;UN;999;1000;1.00;1.00;15;35;25;14
545;TUBO D'AGUA  WV;31081763;13;19;Acabado;Oficina 3D;Terceiros;1;UN;499;500;1.00;1.00;5;25;15;7
690;7321782AA-AA17-FILLER-PIPE-BRACKET-L7-BR_26012021;31081851;5;3;Acabado;Oficina 3D;Terceiros;1;UN;1;1;1.00;1029.06;9;30;20;8
825;Prototipo Assy Filler Cup L52;31081938;17;22;Acabado;Oficina 3D;Terceiros;1;PC;1;1;16.00;1070.35;4;25;15;10
826;Prototipo Assy Filler Cup B52;31081939;17;22;Acabado;Oficina 3D;Terceiros;1;PC;10;10;200.00;1070.35;14;35;25;4
1149;DISPOSITIVO DE RESFRIAMENTO FILLER CUP U79 M0 L7 BRAZIL;31082102;13;27;Acabado;MAXFER;Terceiros;1;UN;40;40;80.00;96.00;4;25;15;13
1584;Dispositivo de Solda por Vibracao - Liquid Trap TAOS;31082379;13;19;Acabado;Star Ultrasonica;Terceiros;1;UN;30;30;150.00;180.00;11;30;20;10
1453;DISPOSITIVO DE TESTE DE CONDUTIVIDADE NOZZLE GUIDE HJF;31082248;5;27;Acabado;MTESLA;Terceiros;1;UN;200;200;50.00;60.00;10;30;20;6
1111;Pallet de madeira - 1780 x 1230 x 150 mm;31082083;6;14;Embalagem;Ouro Pallet;Terceiros;1;UN;1;1;31.00;54.00;5;25;15;8
797;MICRO RETIFICA AT3170CT 70.000RPMPUMA;31081924;7;15;Acabado;PAVA ZANETI TEDERI;Terceiros;1;PC;1;2;430.00;978.24;3;25;15;3
805;DISPOSITIVO DE CONTROLE AA - TOY _230B_BRACKET_RH_SHEETA1;31081928;13;27;Acabado;PAVA ZANETI TEDERI;Terceiros;1;UN;1;2;7165.00;8997.75;8;30;20;14
1280;DISPOSITIVO DE TESTE DE ESTANQUEIDADE LIQUID TRAP;31082138;5;27;Acabado;STAR ULTRA SONICA;Terceiros;1;UN;200;200;52.00;62.40;11;30;20;15
1540;DISPOSITIVO OUTER STORAGE POCKET;31082335;13;27;Acabado;POLYFAST;Terceiros;1;UN;1;2;60.00;72.00;7;30;20;4
936;Poliamida 66 NT - (PA66 NATURAL STECK);31081980;1;25;Materia Prima;PIERONI;Terceiros;1;KG;1;1;5.00;26.50;10;30;20;15
939;Poliamida 66 20FV PT (PA66 FV20 PRETO);31081983;1;5;Materia Prima;PIERONI;Terceiros;1;KG;1;1;6.00;19.50;5;25;15;4
333;FITA ADESIVA 45X45TRANSPARENTE 1 1;31081634;7;15;Acabado;PIRAMIDAL;Terceiros;1;UN;1;1;3.00;3.90;4;25;15;14
349;CAIXA KLT AZUL;31081637;6;12;Embalagem;PIRAMIDAL;Terceiros;1;UN;1;1;1.00;1.00;8;30;20;7
421;TRIPLLE WELD CLIP;31081681;13;19;Acabado;PIRAMIDAL;Terceiros;1;UN;89;90;1.00;1.00;7;30;20;14
422;FLOAT DO FLV;31081682;13;19;Acabado;PIRAMIDAL;Terceiros;1;UN;1;2;1.00;1.00;12;30;20;10
430;OUTER STORAGE POCKET RH /LH SCANIA;31081690;13;19;Acabado;PIRAMIDAL;Terceiros;1;UN;3799;3800;1.00;1.00;6;30;20;4
431;INJEcaO COM 2 CAVIDADES (LH+RH) P/ GUIA GAVETA (SLIDING SURFACE);31081691;13;19;Acabado;PIRAMIDAL;Terceiros;1;UN;1;2;1.00;1.00;14;35;25;7
436;INJEcaO COM 4 CAVIDADES P/ GUIDE PIN;31081696;13;19;Acabado;PIRAMIDAL;Terceiros;1;UN;1;2;1.00;1.00;8;30;20;15
437;DE INJEcaO COM 2 CAVIDADES P/ HANDLE TOOL BOX TEXTURIZADO;31081697;13;19;Acabado;PIRAMIDAL;Terceiros;1;UN;1;2;1.00;1.00;13;30;20;6
438;SUPPORT TABLET AR MISTRAL D/G PSA;31081698;13;19;Acabado;PIRAMIDAL;Terceiros;1;UN;3149;3150;1.00;1.00;14;35;25;12
1185;ALCOOL LIQUIDO CLARITY 70% 5 LITROS;31082118;8;16;Acabado;PIRAMIDAL;Terceiros;1;UN;1;2;5.00;55.90;9;30;20;12
1274;CONTROLADOR DE TEMPERATURA;31082133;16;4;Acabado;PIRAMIDAL;Terceiros;1;UN;1;1;9947.00;14000.00;12;30;20;4
1390;DISPOSITIVO RESFRIAMENTO QUEBRA ONDA CJAA7330694AA;31082200;13;27;Acabado;PIRAMIDAL;Terceiros;1;UN;1;1;29974.00;73555.07;10;30;20;13
1399;ESPUMA FILLER CUP  X52 PH2 B52;31082201;5;22;Materia Prima;PIRAMIDAL;Terceiros;1;un;1;1;0.48;0.96;3;25;15;8
1543;DISPOSITIVO RELEASE MECHANISM;31082338;13;27;Acabado;PO SOROCABA;Terceiros;1;UN;1;2;200.00;240.00;6;30;20;11
1542;DISPOSITIVO TRIM PANEL;31082337;13;27;Acabado;POLYFAST;Terceiros;1;UN;1;2;153.00;183.60;14;35;25;13
23;PEAD HS4506 NATURAL;31081532;1;14;Materia Prima;PIRAMIDAL;Terceiros;1;KG;1;1;13.00;21.48;3;25;15;12
24;ABS+PC XCY630 BLACK 1005;31081533;1;14;Materia Prima;PIRAMIDAL;Terceiros;1;KG;1;1;22.00;52.62;13;30;20;13
400;POM KEPITAL;31081669;1;22;Materia Prima;PIRAMIDAL;Terceiros;1;KG;1;1;1.00;21.82;6;30;20;8
1333;ABS CYCOLAC MG47F;31082167;1;16;Materia Prima;PIRAMIDAL;Terceiros;1;KG;1;1;21.00;22.40;6;30;20;13
1527;DOUBLE WELD CLIP (CLIP 2WAY);31082322;5;8;Acabado;KAUTEX;Terceiros;1;UN;0.008;0.008;80.00;96.00;11;30;20;9
1528;Duto de Ar GM 31UX;31082323;5;22;Acabado;PRK;Terceiros;1;UN;1;1;150000.00;180000.00;9;30;20;14
538;OBTURADOR PSA;31081756;13;19;Acabado;PLAST MACHINE;Terceiros;1;UN;418;419;1.00;1.00;3;25;15;2
807;AMD-25 (FUNIL SECADOR - CONTOLADOR DIGITAL - TIMER - TRIFASICO);31081930;16;18;Acabado;PLAST MACHINE;Terceiros;1;UN;1;1;3053.00;3879.00;9;30;20;6
784;MOTOR DE DOSAGEM TEDERIC 4;31081919;16;14;Acabado;Plasticos PRK;Terceiros;1;UN;1;2;6066.00;10000.00;6;30;20;14
790;DISPOSITIVO DE RESFRIAMENTO FILLER PIPE BRACKET L7 PSA;31081921;13;27;Acabado;Plasticos PRK;Terceiros;1;UN;1;2;7870.00;9500.00;15;35;25;10
791;SERVIcOS PRESTADOS DE INDUSTRIALIZAcaO DE TERCEIROS;31081922;10;18;Acabado;Plasticos PRK;Terceiros;1;UN;1;1;1.00;1.00;6;30;20;7
792;SERVIcO PRESTADO DE MAO DE OBRA E CONSERTO;31081923;10;18;Acabado;Plasticos PRK;Terceiros;1;UN;1;1;1.00;1.00;8;30;20;6
1494;EMPILHADEIRA CTE-057307-1361 KG;31082289;16;24;Acabado;POLYFAST;Terceiros;1;UN;6443;6443;180000.00;216000.00;4;25;15;14
1544;EMPILHADEIRA FRONTAL 1800KG COMBUSTaO YALE GLP18AK;31082339;16;24;Acabado;ADVENCED;Terceiros;1;UN;1;1;204900.00;245880.00;4;25;15;6
1517;EMPILHADEIRA FRONTAL 1800KG COMBUSTaO YALE GP050LX;31082312;16;24;Acabado;SUMMA;Terceiros;1;UN;1000;1000;190000.00;228000.00;10;30;20;5
1565;EMPILHADEIRA FRONTAL 2500KG COMBUSTaO NISSAN P1F2A25U;31082360;16;24;Acabado;NICHIBRAS;Terceiros;1;UN;1;1;200000.00;240000.00;14;35;25;5
842;MATERIAL DE ESCRITORIO;31081946;8;16;Acabado;PO;Terceiros;1;UN;1;1;1.00;1.00;9;30;20;7
843;EPI - EQUIPAMENTO DE PROTEcaO INDIVIDUAL;31081947;8;16;Acabado;PO;Terceiros;1;UN;1;1;1.00;1.00;10;30;20;14
847;Porta Palelets;31081950;6;12;Acabado;PO;Terceiros;1;UN;1;2;575.00;650.00;7;30;20;3
1532;EMPILHADEIRA FRONTAL COMBUSTaO 1800KG HANGCHA CPQD18N-RW7;31082327;16;24;Acabado;POLYFAST;Terceiros;1;UN;10000;10000;120000.00;144000.00;3;25;15;9
1529;EMPILHADEIRA FRONTAL COMBUSTaO 2500KG KOMATSU FG25-T16;31082324;16;24;Acabado;POLYFAST;Terceiros;1;UN;1000;1000;180000.00;216000.00;11;30;20;8
1518;EMPILHADEIRA FRONTAL COMBUSTaO 3000/3500KG YALE 60VX;31082313;16;24;Acabado;TARZIA;Terceiros;1;UN;1500;1500;195000.00;234000.00;4;25;15;2
1545;EMPILHADEIRA FRONTAL ELETRICA LITIO 2500KG HANGCHA CPD25-XD4-SI26 TRIPLEX 4700MM;31082340;16;24;Acabado;ADVENCED;Terceiros;1;UN;1;1;300000.00;360000.00;7;30;20;2
1516;EQUIPAMENTO GELADEIRA/CHILLER 3500 Kcal;31082311;16;24;Acabado;BASELL;Terceiros;1;UN;100;100;12000.00;14400.00;6;30;20;7
1514;ESPUMA FILLER CUP  HJF;31082309;5;22;Materia Prima;TRIOSPOUMA;Terceiros;1;UN;1;1;50.00;60.00;4;25;15;5
1512;ESPUMA FILLER CUP HJD;31082307;5;22;Materia Prima;TRIOSPUMA;Terceiros;1;UN;1;1;50.00;60.00;14;35;25;7
1513;ESPUMA FILLER CUP U79;31082308;5;22;Materia Prima;TRIOSPUMA;Terceiros;1;UN;1000;1000;50.00;60.00;5;25;15;10
1511;ESPUMA FILLER CUP X52 PH L52;31082306;1;12;Materia Prima;TRIOESPUMA;Terceiros;1;UN;1;1;50.00;60.00;11;30;20;14
1504;ESPUMA FILLER CUP X52 PH2 B52;31082299;5;11;Materia Prima;TRIOSPUMA;Terceiros;1;UN;1;1;50.00;60.00;6;30;20;5
1501;ESPUMA FILLER CUP X67;31082296;5;11;Materia Prima;TRIOSPUMA;Terceiros;1;UN;1;1;50.00;60.00;15;35;25;8
1419;FILL VENT NIPPLE 2.5mm;31082215;5;14;Acabado;PO Piraquara;Terceiros;1;UN;0.01354;0.01639;25.00;30.00;12;30;20;7
1137;PP OBSOLETO PRODUcaO FORD;31082096;1;14;Materia Prima;PO do Brasil Ltda;Terceiros;1;UN;1;1;1.00;1.39;8;30;20;6
694;PALLET DE MADEIRA 1200 X 1050 X 070;31081855;5;15;Embalagem;PO Piraquara;Terceiros;1;UN;1;1;1.00;1.00;13;30;20;10
717;RACK ARMATURE PSA CC21M PCH DT;31081869;6;12;Embalagem;PO Piraquara;Terceiros;1;UN;1;2;1252.00;2400.00;6;30;20;14
718;114 SE- CENTER PLATE SOCKET OUTLET LUN/DECO;31081870;16;19;Acabado;PO Piraquara;Terceiros;1;UN;1;2;11121.00;22475.61;15;35;25;15
719;CAIXA PAPELaO EXPORTAcaO 117X97X42;31081871;6;12;Embalagem;PO Piraquara;Terceiros;1;UN;1;2;2.00;10.50;12;30;20;10
731;CONTR SEQUENCIALTW600 12 ZONAS;31081878;13;19;Acabado;PO Piraquara;Terceiros;1;UN;1;2;7014.00;9475.00;8;30;20;3
734;MDC GARN SEUIL COFFRE DISP CONTROL - 000010166670;31081881;13;19;Acabado;PO Piraquara;Terceiros;1;UN;1;2;27245.00;35000.00;12;30;20;3
737;GARNITURE SUP VOLTE MO.MDI830;31081884;13;19;Acabado;PO Piraquara;Terceiros;1;UN;1;2;101511.00;380000.00;11;30;20;3
809;DISPOSITIVO DE COLAGEM ESPUMA FILLER CUP B-52/L-52;31081932;13;27;Acabado;PO Piraquara;Terceiros;1;UN;1;2;448.00;6520.72;9;30;20;13
810;DISPOSITIVO DE CONTROLE FILLER CUP B-52/L-52;31081933;13;27;Acabado;PO Piraquara;Terceiros;1;UN;1;2;23184.00;26548.65;9;30;20;13
1420;FILL VENT NIPPLE 20.8mm;31082216;5;14;Acabado;PO Piraquara;Terceiros;1;UN;0.0093;0.01215;25.00;30.00;13;30;20;11
1440;FILL VENT NIPPLE EURO5;31082235;13;22;Acabado;GOOD MOLD;Terceiros;1;UN;500;501;25.00;30.00;11;30;20;2
1466;FILLER PIPE BRACKET MQB INJETADO;31082261;4;3;Semi Acabado;POLYFAST;Terceiros;1;UN;0.444;0.444;25.00;30.00;11;30;20;10
1438;FILTER BRACKETT SIEL VW;31082233;13;22;Acabado;GOOD MOLD;Terceiros;1;UN;500;501;25.00;30.00;13;30;20;10
1417;FILTER BRACKETT SIEL VW;31082213;4;3;Semi Acabado;Piraquara;Terceiros;1;UN;0.0294;0.02931;25.00;30.00;14;35;25;12
1503;Foam 21x19x2 (Rear Bracket);31082298;1;14;Materia Prima;ISOESPUMAS;Terceiros;1;UN;1;1;15.00;18.00;14;35;25;8
1502;Foam D20xd10x2 (Rear Bracket);31082297;1;14;Materia Prima;ISOESPUMAS;Terceiros;1;UN;1;1;15.00;18.00;10;30;20;4
1478;FOG LAMP BRACKET LH;31082273;5;21;Acabado;PO Taubate;Terceiros;1;UN;1;1;100.00;120.00;10;30;20;9
1597;FOG LAMP BRACKET LH - P&A;31082392;5;21;Acabado;PO Taubate;Terceiros;1;UN;0.04;0.04;100.00;120.00;3;25;15;2
1477;FOG LAMP BRACKET RH;31082272;5;21;Acabado;PO Taubate;Terceiros;1;UN;1;1;100.00;120.00;5;25;15;10
1374;RACK METALICO;31082185;5;12;Embalagem;PO SOROCABA;Terceiros;1;UN;1;1;10.00;3500.00;13;30;20;6
1596;FOG LAMP BRACKET RH - P&A;31082391;5;21;Acabado;PO Taubate;Terceiros;1;UN;0.04;0.04;100.00;120.00;3;25;15;4
1480;FOG LAMP COVER LH;31082275;5;21;Acabado;PO Taubate;Terceiros;1;UN;0.05;0.05;100.00;120.00;14;35;25;7
423;PEAD HS4506 NATURAL;31081683;1;10;Materia Prima;PO SOROCABA;Terceiros;1;KG;1;1;9.00;12.37;11;30;20;9
736;MaO PRESA RENFORT AR;31081883;13;19;Acabado;PO Taubate;Terceiros;1;UN;1;2;13285.00;30000.00;7;30;20;14
739;SEUIL COFFRE GARN SEUIL COFFRE;31081886;13;19;Acabado;PO Taubate;Terceiros;1;UN;1;2;371010.00;400000.00;4;25;15;11
751;MaO PRESA MD.61.0675-0;31081896;13;19;Acabado;PO Taubate;Terceiros;1;UN;1;2;1264.00;5000.00;4;25;15;14
752;GARRA ROBO COPINHO TRAS AI58 MO 8413;31081897;13;19;Acabado;PO Taubate;Terceiros;1;UN;1;2;33118.00;50000.00;5;25;15;11
753;GARRA ROBO SUPORT DO TWEETTER MO.8913MQB;31081898;13;19;Acabado;PO Taubate;Terceiros;1;UN;1;2;5237.00;50000.00;13;30;20;6
754;DISPOSITIVO DE CONTROLE ASSY FILLER PIPE BRACKET L7 PSA;31081899;13;27;Acabado;PO Taubate;Terceiros;1;UN;10;11;9471.00;10900.00;6;30;20;14
758;DISPOSITIVO DE CONTROLE PLASTIC SPACER FH L7;31081902;13;27;Acabado;PO Taubate;Terceiros;1;UN;1;2;9011.00;9800.00;12;30;20;10
759;DISPOSITIVO DE CONTROLE FILLER PIPE RETAINING CLIP;31081903;13;27;Acabado;PO Taubate;Terceiros;1;UN;1;2;4979.00;9400.00;4;25;15;11
766;TRIMTEC MOLDURA PROJETO TOYOTA 230B;31081907;13;19;Acabado;PO Taubate;Terceiros;1;UN;1;2;150446.00;200000.00;5;25;15;10
767;TRIMTEC TAMPA PROJETO TOYOTA 230B;31081908;13;19;Acabado;PO Taubate;Terceiros;1;UN;1;2;123128.00;130000.00;6;30;20;2
806;DISPOSITIVO P CRAVAMENTO PINO+BASE FIAT X6H;31081929;13;27;Acabado;PO TAUBATE;Terceiros;1;UN;1;2;402.00;10000.00;13;30;20;15
958;Partes e pecas de moldes/Ferramental;31081989;13;19;Acabado;PO Taubate;Terceiros;1;UN;1;1;1.00;50.00;9;30;20;12
1052;APLIQUE P.CH B515;31082031;5;14;Acabado;PO Taubate;Terceiros;1;UN;1;1;1.00;1.00;13;30;20;4
1053;SUPORTE DO B562MCA;31082032;5;14;Acabado;PO Taubate;Terceiros;1;UN;1;1;1.00;1.00;14;35;25;10
1054;DEFLETOR B562MCA;31082033;5;14;Acabado;PO Taubate;Terceiros;1;UN;1;1;1.00;1.00;3;25;15;4
1055;COBERTURA B515 ( Tampa guincho );31082034;5;14;Acabado;PO Taubate;Terceiros;1;UN;1;1;1.00;1.00;9;30;20;4
1056;SUPORTE B562MCA LE/LD;31082035;5;14;Acabado;PO Taubate;Terceiros;1;UN;1;1;1.00;1.00;9;30;20;4
1063;SUPORTE B562MCA;31082042;5;14;Acabado;PO Taubate;Terceiros;1;UN;1;1;1.00;1.00;6;30;20;10
1064;MOLDURA B562MCA - pintada;31082043;5;14;Acabado;PO Taubate;Terceiros;1;UN;1;1;1.00;1.00;15;35;25;10
1065;GRADE E COBER B562MCA;31082044;5;14;Acabado;PO Taubate;Terceiros;1;UN;1;1;1.00;1.00;7;30;20;15
1066;SUPORTE B562MCA LD/LE;31082045;5;14;Acabado;PO Taubate;Terceiros;1;UN;1;1;1.00;1.00;3;25;15;14
1067;SUPORTE B562MCA LD/LE;31082046;5;14;Acabado;PO Taubate;Terceiros;1;UN;1;1;1.00;1.00;12;30;20;9
1068;SUPORTE B562;31082047;5;14;Acabado;PO Taubate;Terceiros;1;UN;1;1;1.00;1.00;7;30;20;11
1069;DEFLETOR B562MCA;31082048;5;14;Acabado;PO Taubate;Terceiros;1;UN;1;1;1.00;1.00;12;30;20;7
1070;GRADE RADIADO B515;31082049;5;14;Acabado;PO Taubate;Terceiros;1;UN;1;1;1.00;1.00;14;35;25;9
1071;SUPORTE  B562;31082050;5;14;Acabado;PO Taubate;Terceiros;1;UN;1;1;1.00;1.00;5;25;15;15
1072;MOLDURA B515MCA LE/LD;31082051;5;14;Acabado;PO Taubate;Terceiros;1;UN;1;1;1.00;1.00;5;25;15;14
339;CAIXA PAPELaO 600X400X210MM 1 UN;31081635;6;12;Embalagem;PO Taubate;Terceiros;1;UN;1;1;3.00;7.67;9;30;20;5
340;CAIXA PAPELAO 1000X600X300MM;31081636;6;12;Embalagem;PO Taubate;Terceiros;1;UN;1;1;11.00;16.93;4;25;15;5
353;RACK SACOLINHA P.O 1 UN;31081638;6;12;Embalagem;PO Taubate;Terceiros;1;UN;1;1;1.00;1.00;5;25;15;2
596;PP+EPDM TD10 Y159 – C11306;31081801;1;14;Materia Prima;PO Taubate;Terceiros;1;KG;1;1;6.00;9.50;3;25;15;6
702;TF0811 SU PR014 FXT;31081859;1;11;Materia Prima;PO Taubate;Terceiros;1;KG;1;1;1.00;13.87;6;30;20;2
706;PPTD10 SR 571;31081862;1;1;Materia Prima;PO Taubate;Terceiros;1;KG;1;1;10.00;11.92;13;30;20;2
755;RACK LC F3 GRADE SUP;31081900;6;12;Embalagem;PO Taubate;Terceiros;1;UN;1;1;1.00;1.00;5;25;15;7
775;PA66 BV A300IM4 PRETO;31081916;1;14;Materia Prima;PO Taubate;Terceiros;1;KG;1;1;4.00;49.20;8;30;20;5
776;PAX045 PR001;31081917;1;14;Materia Prima;PO Taubate;Terceiros;1;KG;1;1;1.00;1.00;3;25;15;8
1479;FOG LAMP COVER RH;31082274;5;21;Acabado;PO Taubate;Terceiros;1;UN;0.05;0.05;100.00;120.00;14;35;25;7
1560;FORTEPRENE TPE 7105 A65BO;31082355;12;16;Materia Prima;POLYACS;Terceiros;1;KG;1000;1000;180.00;216.00;5;25;15;6
1595;FORTIPRENE TPV 6406/A90B200;31082390;1;14;Materia Prima;COMPOSTOS DO BRASIL;Terceiros;1;KG;1;1;180.00;216.00;12;30;20;13
1445;FUEL FILTRER PLASTIC BRACKET;31082240;13;22;Acabado;GOOD MOLD;Terceiros;1;UN;500;501;180.00;216.00;4;25;15;8
1429;FUEL FILTRER PLASTIC BRACKET;31082225;5;3;Acabado;PO Piraquara;Terceiros;1;UN;0.024;0.024;180.00;216.00;13;30;20;12
1500;GABINETE FAC38 MP2550 3350 MPC2030 2050 2550;31082295;7;17;Acabado;PO SOROCABA;Terceiros;1;UN;30;30;300.00;360.00;5;25;15;5
1554;GOMINI;31082349;5;14;Acabado;GIVI;Terceiros;1;UN;0.015;0.015;50.00;60.00;5;25;15;4
1481;GRILL COVER LOWER LH;31082276;5;21;Acabado;PO Taubate;Terceiros;1;UN;0.07;1.07;200.00;240.00;11;30;20;8
1482;GRILL COVER LOWER RH;31082277;5;21;Acabado;PO Taubate;Terceiros;1;UN;0.07;0.07;200.00;240.00;9;30;20;5
1483;GRILL COVER UPPER LH;31082278;5;21;Acabado;PO Taubate;Terceiros;1;UN;0.07;1.07;200.00;240.00;14;35;25;2
1484;GRILL COVER UPPER RH;31082279;5;21;Acabado;PO Taubate;Terceiros;1;UN;0.07;0.07;200.00;240.00;8;30;20;14
1467;HIFAX XM2U16B 157003;31082262;1;14;Materia Prima;BASELL;Terceiros;1;UN;1;1;80.00;96.00;8;30;20;8
1534;HOUSING SIGMA;31082329;5;14;Acabado;RRA;Terceiros;1;UN;0.105;0.105;160.00;192.00;5;25;15;13
1497;IMPRESSORA MONOCROMATICA EPSON M5799;31082292;7;17;Acabado;POLYFAST;Terceiros;1;UN;50;50;1800.00;2160.00;9;30;20;5
1499;IMPRESSORA MULTIFUNCIONAL COLORIDA RICOH C2051;31082294;7;17;Acabado;POLYFAST;Terceiros;1;UN;50;50;2500.00;3000.00;4;25;15;12
1498;IMPRESSORA MULTIFUNCIONAL EPSON COLOR C5790;31082293;7;17;Acabado;POLYFAST;Terceiros;1;UN;50;50;3500.00;4200.00;4;25;15;13
1578;Injetora Battenfelt HM 210/1000 -;31082373;16;24;Acabado;POLYFAST;Terceiros;1;UN;1200;1200;90.00;108.00;14;35;25;7
583;INSERTO ROCAM;31081795;1;14;Materia Prima;RRA;Terceiros;1;UN;1;1;70.00;84.00;4;25;15;10
1562;LIMITADOR (CORDINE);31082357;13;19;Acabado;GIVI;Terceiros;1;UN;124;124;12.00;14.40;4;25;15;2
1563;LIMITADOR DE ABERTURA;31082358;5;14;Acabado;GIVI;Terceiros;1;UN;0.046;0.046;15.00;18.00;6;30;20;10
1526;LIQUID TRAP ACABADO;31082321;5;22;Acabado;KAUTEX;Terceiros;1;GR;0.116;0.116;25.00;30.00;12;30;20;4
1450;LIQUID TRAP SEMI ACABADO SOLDA;31082245;4;22;Semi Acabado;KAUTEX;Terceiros;1;UN;0.116;0.116;20.00;24.00;9;30;20;10
1509;MAQ INJETORA PAVAN ZANETI TEDERI 140 TON - Serie 2264/2009;31082304;16;24;Acabado;PAVA ZANETI TEDERI;Terceiros;1;un;500;500;3800.00;4560.00;13;30;20;5
1510;MAQ INJETORA PAVAN ZANETI TEDERI 188 TON - Serie 3A204/2008;31082305;16;24;Acabado;PAVA ZANETI TEDERI;Terceiros;1;un;500;500;10000.00;12000.00;6;30;20;4
1579;Maquina Injetora Engel 350 TONS;31082374;16;24;Acabado;ENGEL;Terceiros;1;UN;500;500;25000.00;30000.00;8;30;20;9
1462;MASTER RENOL CINZA AB73601086;31082257;1;14;Materia Prima;AVIENT;Terceiros;1;KG;1;1;65.00;78.00;11;30;20;4
1553;MLD DO BOTAO LIMIT;31082348;13;19;Acabado;GIVI DO BRASIL;Terceiros;1;UN;450;450;36.00;43.20;5;25;15;4
1552;MLD DO GOMINI;31082347;13;19;Acabado;GIVI DO BRASIL;Terceiros;1;UN;450;450;36.00;43.20;6;30;20;11
1439;NOZZLE GUIDE MQBA0;31082234;13;22;Acabado;GOOD MOLD;Terceiros;1;UN;500;501;56.00;67.20;8;30;20;11
1416;NOZZLE GUIDE MQBA0;31082212;5;22;Acabado;PO Piraquara;Terceiros;1;UN;0.089;0.089;56.00;67.20;11;30;20;2
1569;PA 66 FV 15 PRETO;31082364;1;22;Materia Prima;POLYFAST;Terceiros;1;KG;1;1;17.00;20.40;14;35;25;5
1605;PA 66 FV 15 PRETO PTN3215BK;31082399;1;22;Materia Prima;THERMOBLEND;Terceiros;1;KG;1;1;17.00;20.40;7;30;20;2
1464;PA 66 FV 30 PRETO - PTN323IBK;31082259;1;22;Materia Prima;THERMOBLEND;Terceiros;1;KG;1000;1000;17.00;20.40;4;25;15;8
1435;PA6   FV30 PRETO PT 808;31082230;1;14;Materia Prima;ADVANCED;Terceiros;1;KG;1;1;17.00;20.40;14;35;25;7
1434;PA6 FV30  CINZA PT669;31082229;1;14;Materia Prima;ADVANCED;Terceiros;1;KG;1;1;17.00;20.40;4;25;15;12
1570;PA66  FV15 PRETO;31082365;1;14;Materia Prima;ADVANCED;Terceiros;1;KG;1;1;12.00;14.40;13;30;20;7
1520;PARAFUSO MPG  FX MP 5 x 16.6 AC FZ02 FILTER BRACKET SC24;31082315;1;14;Materia Prima;Entec;Terceiros;1;UN;0.008;0.208;0.76;0.91;15;35;25;6
1489;PDC SUPPORT LOWER LH;31082284;5;21;Acabado;PO Taubate;Terceiros;1;UN;0.0066;0.0099;0.50;0.60;14;35;25;5
20;PA66 FV30 PRETO;31081529;1;9;Materia Prima;POLIBALBINO;Terceiros;1;KG;1;1;12.00;12.50;11;30;20;12
856;PEAD SP BLOW MOLDING 27673;31081954;1;9;Materia Prima;POLIBALBINO;Terceiros;1;KG;1;1;6.00;17.75;10;30;20;4
1490;PDC SUPPORT LOWER RH;31082285;5;21;Acabado;PO Taubate;Terceiros;1;UN;0.0068;0.0101;0.50;0.60;15;35;25;4
330;ETIQUETA DE PROCESSO;31081633;7;7;Acabado;POLYACS;Terceiros;1;UN;1;1;1.00;1.00;5;25;15;15
420;SUPORTE CANISTER;31081680;13;19;Acabado;POLYACS;Terceiros;1;UN;344;345;1.00;1.00;4;25;15;6
429;MARCO PLASTICO LUZ CENTRAL TRASEIRA VW;31081689;13;19;Acabado;POLYACS;Terceiros;1;UN;271;272;1.00;1.00;7;30;20;3
1165;ENVELOPE SACO BRANCO 2500 176X250 29.0162-4(10EN);31082110;8;16;Acabado;POLYACS;Terceiros;1;UN;1;2;2.00;6.80;6;30;20;12
1389;DISPOSITIVO CONTROLE BAFFLE GSB CF7330694AA;31082199;13;27;Acabado;POLYACS;Terceiros;1;UN;1;1;21123.00;31859.87;15;35;25;14
1491;PDC SUPPORT UPPER LH;31082286;5;21;Acabado;PO Taubate;Terceiros;1;UN;0.0055;0.0088;0.50;0.60;12;30;20;11
1492;PDC SUPPORT UPPER RH;31082287;5;21;Acabado;PO Taubate;Terceiros;1;UN;0.0059;0.0092;0.50;0.60;3;25;15;8
3;PA6 JET BLACK GM;31081512;1;4;Materia Prima;POLYACS;Terceiros;1;KG;1;1;6.00;23.79;3;25;15;14
4;PA6 BV CINZA GM;31081513;1;4;Materia Prima;POLYACS;Terceiros;1;KG;1;1;12.00;26.50;7;30;20;7
7;PA6 FV30  CINZA PT669;31081516;1;7;Materia Prima;POLYACS;Terceiros;1;KG;1;1;24.00;31.80;10;30;20;2
8;PA6 FV30 PRETO PT808;31081517;1;7;Materia Prima;POLYACS;Terceiros;1;KG;1;1;1.00;27.80;12;30;20;12
10;POM NATURAL;31081519;1;3;Materia Prima;POLYACS;Terceiros;1;KG;1;1;15.00;21.25;11;30;20;12
12;ABS F17 NATURAL;31081521;1;11;Materia Prima;POLYACS;Terceiros;1;KG;1;1;19.00;25.00;8;30;20;15
17;PA66 FV30 PRETO;31081526;1;3;Materia Prima;POLYACS;Terceiros;1;KG;1;1;9.00;21.50;15;35;25;2
22;PA66 FV30 PRETO RESISTENTE A HIDROLESE;31081531;1;5;Materia Prima;POLYACS;Terceiros;1;KG;1;1;11.00;14.40;5;25;15;14
47;MASTERBATCH PE PRETO;31081550;1;3;Materia Prima;POLYACS;Terceiros;1;KG;1;1;22.00;26.00;14;35;25;5
391;PA66 FV20 PRETO;31081663;1;5;Materia Prima;POLYACS;Terceiros;1;KG;1;1;5.00;17.05;13;30;20;14
399;POM PRETO;31081668;1;1;Materia Prima;POLYACS;Terceiros;1;KG;1;1;19.00;21.25;6;30;20;11
704;POM NATURAL KP20;31081860;1;1;Materia Prima;POLYACS;Terceiros;1;KG;1;1;6.00;20.50;9;30;20;7
851;POM CINZA;31081953;1;14;Materia Prima;POLYACS;Terceiros;1;KG;1;1;1.00;1.00;4;25;15;13
912;PP MASCARA  - BEGE;31081973;1;14;Materia Prima;POLYACS;Terceiros;1;KG;1;1;1.00;1.00;14;35;25;11
1299;PA 66BV A 300 PRETO;31082142;1;3;Materia Prima;POLYACS;Terceiros;1;KG;1000;1000;5.00;24.10;6;30;20;13
1143;POM CELCON M90;31082099;1;14;Materia Prima;Polycas;Terceiros;1;UN;1;1;18.00;24.80;10;30;20;3
416;TAMPA DO TELAIO X6H;31081677;13;19;Acabado;POLYFAST;Terceiros;1;UN;689;690;46856.00;110000.00;6;30;20;15
426;BRACKET  INJEcaO;31081686;13;19;Acabado;POLYFAST;Terceiros;1;UN;200;201;1.00;1.00;7;30;20;15
434;INJEcaO COM 1+1 CAVIDADES P/ BLANKING PIECE CP TEXTURIZADA;31081694;13;19;Acabado;POLYFAST;Terceiros;1;UN;1;2;1.00;1.00;3;25;15;2
1100;CONJUNTO REFORcO B562 MCA;31082074;5;14;Acabado;POLYFAST;Terceiros;1;UN;1;1;1.00;1.00;9;30;20;2
1101;COBERTURA B515MCA ( Tampa guincho );31082075;5;14;Acabado;POLYFAST;Terceiros;1;UN;1;1;1.00;1.00;5;25;15;2
1110;Pallet de madeira - 1200 x 1000 x 150 mm;31082082;6;14;Embalagem;POLYFAST;Terceiros;1;UN;1;1;37.00;38.00;13;30;20;8
1119;Filler PIPE BRACKET L7 -  c/2 Moldes  Injecao e sobre Injecao;31082088;13;3;Acabado;POLYFAST;Terceiros;1;UN;300;300;1.00;1.00;3;25;15;3
1131;PAQUIMETRO 150MM ASIMETO;31082093;5;14;Acabado;POLYFAST;Terceiros;1;UN;1;1;389.00;500.00;6;30;20;10
1132;PAQUIMETRO 150MM ASIMETO;31082094;5;14;Acabado;POLYFAST;Terceiros;1;UN;1;1;164.00;500.00;7;30;20;12
1287;DE INJEcaO PLASTIC SHIELD GM I700;31082139;13;19;Acabado;POLYFAST;Terceiros;1;UN;1000;1000;47591.00;518153.85;14;35;25;4
1321;Dispositivo de Controle Filter Bracket SC24;31082158;5;27;Acabado;POLYFAST;Terceiros;1;UN;15;15;229.00;10500.00;14;35;25;5
1322;Dispositivo de Controle Retaining Clip 3Way;31082159;5;27;Acabado;POLYFAST;Terceiros;1;UN;15;16;8578.00;9200.00;14;35;25;7
1323;Ativo Imob receb p/uso  no estabelecimento;31082160;16;24;Acabado;POLYFAST;Terceiros;1;UN;1;1;558.00;1000.00;9;30;20;9
1336;PARAFUSO MPG  FX MP 5 x 16.6 AC FZ02 FILTER BRACKET SC24;31082170;1;14;Materia Prima;POLYFAST;Terceiros;1;UN;0.008;0.208;0.12;0.25;12;30;20;10
1353;Servicos de Transportes. Fretes e Carretos;31082175;8;14;Acabado;POLYFAST;Terceiros;1;UN;1;1;721.00;2500.00;15;35;25;11
1358;FRETES E TRANSP;31082180;7;14;Acabado;POLYFAST;Terceiros;1;UN;1;1;1.00;1.00;7;30;20;15
1369;SPRING SLIDING COVER FIAT X6H (Mola);31082182;1;14;Materia Prima;POLYFAST;Terceiros;1;UN;1;1;0.16;0.31;10;30;20;14
1561;PEBAX 7033 ARKEMA NATURAL;31082356;12;16;Materia Prima;POLYACS;Terceiros;1;KG;1000;1000;13.00;15.60;15;35;25;4
1564;PIGMENTO PT-2032;31082359;12;16;Materia Prima;POLYACS;Terceiros;1;kg;1000;1000;26.00;31.20;3;25;15;15
1558;PIGMENTO VE-3314499;31082353;12;16;Materia Prima;NOVA COR;Terceiros;1;KG;1000;1000;26.00;31.20;3;25;15;15
1423;PLASTIC NOZZLE GUIDE HJF W / STOP;31082219;5;14;Acabado;PRK;Terceiros;1;PC;0.05;0.05;65.00;78.00;5;25;15;10
1441;PLASTIC NOZZLE GUIDE L7 ORVR BR;31082236;13;22;Acabado;GOOD MOLD;Terceiros;1;UN;500;501;65.00;78.00;9;30;20;9
1422;PLASTIC NOZZLE GUIDE L7 ORVR BR W/ STOP;31082218;5;14;Acabado;PRK;Terceiros;1;UN;0.0497;0.0497;65.00;78.00;3;25;15;9
1421;PLASTIC NOZZLE GUIDE L7 ORVR BR WO / STOP;31082217;5;14;Acabado;PO Piraquara;Terceiros;1;UN;0.0497;0.0497;65.00;78.00;3;25;15;2
1559;POLIPROPILENO (EP200K) TONELADA;31082354;12;16;Materia Prima;POLYACS;Terceiros;1;KG;1000;1000;65.00;78.00;7;30;20;3
1585;POM KEPITAL;31082380;1;22;Materia Prima;POLYFAST;Terceiros;1;KG;1;1;32.00;38.40;8;30;20;8
1522;POM NATURAL KP20;31082317;1;1;Materia Prima;ENTEC;Terceiros;1;KG;1;1;32.00;38.40;5;25;15;12
1533;POM PRETO;31082328;1;2;Materia Prima;RECPOL;Terceiros;1;KG;1;1;32.00;38.40;13;30;20;10
1557;PP + EPDM TD20 PRETO;31082352;1;21;Materia Prima;FS POLLYMERS;Terceiros;1;KG;1;1;28.00;33.60;9;30;20;7
1458;PP Copolimero TF0813 Preto Duto de Ar;31082253;1;22;Materia Prima;CPE;Terceiros;1;kg;1;1;28.00;33.60;15;35;25;6
1493;PP EPDM BASELL HIFAX X2MU16 BLACK FXT;31082288;1;10;Materia Prima;BASELL;Terceiros;1;KG;1;1;28.00;33.60;11;30;20;3
1430;PP HOSTACOM TYC258 PBG14008;31082226;1;14;Materia Prima;BASSEL;Terceiros;1;UN;1;1;28.00;14.45;14;35;25;14
1600;PP HOSTACOM TYC258 PBG14008;31082394;1;14;Materia Prima;BIESTERFELD;Terceiros;1;UN;1;1;28.00;33.60;4;25;15;8
1437;PP T20 TYC258;31082232;1;14;Materia Prima;NICHIBRAS;Terceiros;1;KG;1;1;28.00;33.60;11;30;20;3
11;POM NATURAL KP20;31081520;1;14;Materia Prima;POLYFAST;Terceiros;1;KG;1;1;2.00;17.30;8;30;20;5
45;POCAN B 1305 PRETO;31081548;1;7;Materia Prima;POLYFAST;Terceiros;1;KG;1;1;42.00;49.73;5;25;15;10
405;HOSTAFORM EC140XF CD3068 PRETO;31081673;1;22;Materia Prima;POLYFAST;Terceiros;1;KG;1;1;10.00;80.63;3;25;15;10
414;POM CELCOM M90;31081676;1;6;Materia Prima;POLYFAST;Terceiros;1;KG;1;1;2.00;22.30;15;35;25;14
674;POM NATURAL KP30;31081842;1;6;Materia Prima;POLYFAST;Terceiros;1;KG;1;1;5.00;16.50;10;30;20;12
1448;PP+MD16 PRIMA SOLE;31082243;1;22;Materia Prima;PRIMA SOLE COMPONENTE AUTOMOTIVO;Terceiros;1;KG;1;1;28.00;33.60;3;25;15;7
1571;PPT 20 EF109AEB-P017;31082366;1;22;Materia Prima;PO;Terceiros;1;KG;1;1;28.00;33.60;7;30;20;15
628;SUPORTE BIG BAGS;31081817;6;12;Embalagem;PRIMA SOLE;Terceiros;1;UN;1;2;347.00;650.00;9;30;20;6
645;DISPOSITIVO DE MONTAGEM ASSY FILLER PIPE BRACKET L7 PSA;31081826;13;27;Acabado;PRIMA SOLE;Terceiros;1;UN;7;7;3460.00;4500.00;14;35;25;14
656;DISPOSITIVO DE CONTROLE P RELEASE MECHANISM;31081830;13;27;Acabado;PRIMA SOLE;Terceiros;1;UN;1;2;17641.00;32000.00;9;30;20;5
662;REAR WHEELARCH UP CROSS;31081836;13;19;Acabado;PRIMA SOLE;Terceiros;1;UN;1;2;1.00;1.00;3;25;15;12
738;MaO PRESA GARN SUP VOLET;31081885;13;19;Acabado;PRIMA SOLE;Terceiros;1;UN;1;2;28972.00;30000.00;8;30;20;5
1488;REAR SUPPORT BRACKET LH;31082283;5;21;Acabado;PO Taubate;Terceiros;1;UN;3;3;65.00;78.00;10;30;20;6
1487;REAR SUPPORT BRACKET RH;31082282;5;21;Acabado;PO Taubate;Terceiros;1;UN;3;3;65.00;78.00;4;25;15;4
1538;Residuo de Oleo Indusrial;31082333;10;16;Acabado;PRK;Terceiros;1;Litro;1;1;65.00;78.00;8;30;20;15
1459;RETAINNING CLIP LEVELING TUBE HMC GSR;31082254;5;22;Acabado;POAI SOROCABA;Terceiros;1;UN;0.0087;0.0087;12.00;14.40;6;30;20;13
1460;ROBO INDUSTRIAL ES-1200IIT-2200 COM VALV.ADIC.;31082255;14;24;Acabado;POLYFAST;Terceiros;1;UN;600;600;2000.00;2400.00;7;30;20;7
1594;SACO PLASTICO 190x250;31082389;6;12;Embalagem;TARZIA;Terceiros;1;UN;1;1;30.00;36.00;10;30;20;3
1463;SANTOPRENE 121-73W175;31082258;1;16;Materia Prima;CELANESE;Terceiros;1;KG;1;2;35.00;42.00;15;35;25;7
553;MIRROR FRAME TOYOTA 230B;31081771;13;19;Acabado;PRK;Terceiros;1;UN;1;2;1.00;1.00;13;30;20;9
571;GUANCHEIRA;31081789;13;19;Acabado;PRK;Terceiros;1;UN;1;2;1.00;1.00;12;30;20;7
732;DISP CONTROL 000010166668;31081879;13;19;Acabado;PRK;Terceiros;1;UN;1;2;25966.00;35000.00;4;25;15;12
733;MDC GARN SEUIL COFFRE DISP CONTROL - 000010166668;31081880;13;19;Acabado;PRK;Terceiros;1;UN;1;2;29811.00;35000.00;7;30;20;5
735;RENFORT AR GARN LAT MO.MDI832;31081882;13;19;Acabado;PRK;Terceiros;1;UN;1;2;42878.00;380000.00;10;30;20;15
835;ARGOX IMPRESSORA PRETA;31081942;16;14;Acabado;PRK;Terceiros;1;UN;1;2;194.00;1613.25;9;30;20;8
849;FERRAMENTAL;31081951;13;19;Acabado;PRK;Terceiros;1;UN;1;2;1.00;1.00;5;25;15;6
1603;SHUTTER BRA/ITA 10/20A M302;31082397;4;25;Semi Acabado;PRK;Terceiros;1;UN;0.002;0.002;56.00;67.20;12;30;20;11
705;RACK DE ESPELHO CORTADO E/OU COM FITA;31081861;6;12;Embalagem;PRK;Terceiros;1;UN;1;1;1.00;1.00;6;30;20;11
1195;DISPOSITIVO NIPPLE 1K PSA SC CONTROL JIGS;31082123;13;27;Acabado;PRK;Terceiros;1;UN;30;30;16843.00;19904.80;12;30;20;13
1288;DISPOSITIVO DE RESFRIAMENTO FP BRACKET CC24;31082140;13;27;Acabado;PRK;Terceiros;1;UN;30;30;3971.00;11800.00;5;25;15;11
1300;DE INJEcaO FILTER BRACKET SC24;31082143;13;19;Acabado;PRK;Terceiros;1;UN;500;501;211015.00;236470.00;8;30;20;5
1301;DE INJEcaO RETAINING CLIP 3WAY SC24;31082144;13;19;Acabado;PRK;Terceiros;1;UN;500;501;12160.00;133530.00;7;30;20;6
1320;DISPOSITIVO DE CONFORMAcaO FILLER CUP HJF;31082157;13;27;Acabado;PRK;Terceiros;1;UN;50;51;3226.00;16500.00;4;25;15;15
1370;DISPOSITIVO DE TESTE DE CONDUTIVIDADE NOZZLE GUIDE HJF;31082183;16;27;Acabado;PRK;Terceiros;1;UN;50;52;1.00;1.00;9;30;20;5
1505;STIFFENER HDLNG 94772020;31082300;5;22;Acabado;Plasticos PRK;Terceiros;1;UN;0.026;0.026;15.00;18.00;6;30;20;9
1506;STIFFENER HDLNG 94772021;31082301;5;22;Acabado;Plasticos PRK;Terceiros;1;UN;0.026;0.026;15.00;18.00;8;30;20;9
1507;STIFFENER HDLNG 94772022;31082302;5;22;Acabado;Plasticos PRK;Terceiros;1;UN;0.026;0.026;15.00;18.00;13;30;20;15
1508;STIFFENER HDLNG 94772023;31082303;5;22;Acabado;Plasticos PRK;Terceiros;1;UN;0.026;0.026;15.00;18.00;10;30;20;4
1586;STL CC24 AIRDAM LD REP;31082381;5;21;Acabado;PO Taubate;Terceiros;1;UN;0.064;0.128;12.00;14.40;4;25;15;15
1476;STL CC24 AIRDAM LE REP;31082271;5;21;Acabado;PO Taubate;Terceiros;1;UN;0.064;0.128;12.00;14.40;15;35;25;10
1590;STL CC24 BRACKET DT LD REP;31082385;5;21;Acabado;PO Taubate;Terceiros;1;UN;1;1;15.00;18.00;10;30;20;2
1591;STL CC24 BRACKET DT LE REP;31082386;5;21;Acabado;PO Taubate;Terceiros;1;UN;1;1;15.00;18.00;15;35;25;11
1592;STL CC24 BRACKET TR LD REP;31082387;5;21;Acabado;PO Taubate;Terceiros;1;UN;3;3;15.00;18.00;8;30;20;3
27;PP TD20 PRETO EBONY;31081535;1;1;Materia Prima;PRODUMASTER;Terceiros;1;KG;1;1;7.00;12.14;13;30;20;5
78;PP TD20 PRETO EBONY;31081572;1;1;Materia Prima;PRODUMASTER;Terceiros;1;KG;1;1;6.00;12.40;7;30;20;2
961;TPO (PP+TEO ) - COMPOSTO PP 670A3;31081992;1;14;Materia Prima;PRODUMASTER;Terceiros;1;UN;1;1;6.00;11.91;14;35;25;13
1089;CLIP MOLA HONDA TF04- 0047009601;31082068;1;14;Materia Prima;QUALIFIX;Terceiros;1;UN;1;1;0.50;0.99;9;30;20;6
1170;MT M81902301432 (RESINA PLASTICA PA66  GF30 15T NATURAL);31082113;1;16;Materia Prima;RADICI;Terceiros;1;KG;1000;1000;39.00;55.27;4;25;15;7
1431;PA66_RADILON A HSK 176M NT;31082227;1;14;Materia Prima;Radici;Terceiros;1;KG;1;1;13.00;37.73;14;35;25;15
692;PROTOTIPOS FP BRACKET SINTERIZADO EM 3D;31081853;5;3;Acabado;RB;Terceiros;1;UN;1;1;502.00;1306.75;10;30;20;5
1387;DE QUEBRA NDA GSB 7331136AA;31082197;13;19;Acabado;RB;Terceiros;1;UN;1;1;2491.00;100000.00;6;30;20;5
556;FILLER PIPE LINES RETAINING CLIP TOOLIN    L7 BR;31081774;13;19;Acabado;RB MOLDE;Terceiros;1;UN;1;2;1.00;1.00;10;30;20;13
1209;DE INJEcaO BASE SUPERIOR LIQUID TRAP;31082126;13;19;Acabado;RB MOLDE;Terceiros;1;UN;550;550;221937.00;320000.00;10;30;20;13
1090;PINO HONDA TF04 - PI Ø2.5 X 10 RECART;31082069;1;14;Materia Prima;REALEZA;Terceiros;1;UN;1;1;0.21;0.42;10;30;20;6
588;POM PRETO;31081798;1;2;Materia Prima;RECPOL;Terceiros;1;KG;1;1;1.00;1.00;15;35;25;4
1593;STL CC24 BRACKET TR LE REP;31082388;5;21;Acabado;PO Taubate;Terceiros;1;UN;3;3;15.00;18.00;3;25;15;13
44;ABS+PC RM T45-PT0785 PRETO;31081547;1;6;Materia Prima;REMO;Terceiros;1;KG;1;1;25.00;50.44;11;30;20;11
629;ASA LG LI 941 PRETO;31081818;1;11;Materia Prima;REMO;Terceiros;1;KG;1;1;7.00;16.59;7;30;20;12
630;PC + PBT RM 5000 PT;31081819;1;11;Materia Prima;REMO;Terceiros;1;KG;1;1;32.00;43.39;13;30;20;2
710;ABS HF380 UV - BR0790 (ABS BRANCO OPACO);31081865;1;25;Materia Prima;REMO;Terceiros;1;KG;1;1;6.00;32.71;8;30;20;15
711;ABS HF380 UV - GR0015;31081866;1;25;Materia Prima;REMO;Terceiros;1;KG;1;1;27.00;39.58;5;25;15;3
712;ABS HF380 UV - MF0759;31081867;1;25;Materia Prima;REMO;Terceiros;1;KG;1;1;17.00;39.58;14;35;25;6
838;LUPOY HR5007A KA02;31081943;1;14;Materia Prima;REMO;Terceiros;1;KG;1;1;4.00;39.27;6;30;20;15
19;PA66 FV30 PRETO;31081528;1;9;Materia Prima;RESINPLAST;Terceiros;1;KG;1;1;2.00;12.50;11;30;20;5
521;HOUSING ROCAM;31081740;13;19;Acabado;RESISTEC;Terceiros;1;UN;799;800;1.00;1.00;13;30;20;2
522;GUARNIcaO (MOSTRINA);31081741;13;19;Acabado;RESISTEC;Terceiros;1;UN;1;2;1.00;1.00;3;25;15;5
526;FRONT WHEEL ARCH LOWER DOUBLE FACE;31081745;13;19;Acabado;RESISTEC;Terceiros;1;UN;2699;2700;1.00;1.00;11;30;20;8
528;HEADLAMP B299ICA;31081746;13;19;Acabado;RESISTEC;Terceiros;1;UN;449;450;1.00;1.00;9;30;20;13
539;BRACKET SENSORAAS EXTERNO PSA;31081757;13;19;Acabado;RESISTEC;Terceiros;1;UN;258;259;1.00;1.00;4;25;15;9
808;TUB MANIFOLD 7X470MM;31081931;16;18;Acabado;RESISTEC;Terceiros;1;UN;1;1;111.00;255.00;10;30;20;3
448;SUPORTE DE FIXAcaO BRAKE LIGHT LD/LE/CENTRAL;31081708;13;19;Acabado;Roscilplas;Terceiros;1;UN;399;400;1.00;1.00;8;30;20;12
449;CLIP DE FIXAcaO BRAKE LIGHT;31081709;13;19;Acabado;Roscilplas;Terceiros;1;UN;299;300;1.00;1.00;7;30;20;8
610;Conjunto de ponteira e fabricacao de aneis - 55mm;31081804;10;18;Acabado;Roscilplas;Terceiros;1;UN;1;1;949.00;1500.00;15;35;25;11
611;Conjunto de ponteira e fabricacao de aneis - 40mm;31081805;10;18;Acabado;Roscilplas;Terceiros;1;UN;1;1;525.00;1300.00;9;30;20;13
552;MIRROR COVER TOYOTA 230B;31081770;13;19;Acabado;ROUTER;Terceiros;1;UN;1;2;1.00;1.00;4;25;15;8
1192;MAQUINA DE CORTE ROUTER;31082121;16;4;Acabado;ROUTER;Terceiros;1;Pc;100;100;13172.00;3500.00;5;25;15;7
446;MOLDURA DO ESPELHO EFC;31081706;13;19;Acabado;RRA;Terceiros;1;UN;1;2;1.00;1.00;11;30;20;4
840;MOTOR VENTILADOR PAR FUNIL;31081945;16;24;Acabado;RRA;Terceiros;1;UN;1;2;926.00;1084.69;8;30;20;8
1572;STL CC24 SUPORTE FOG LAMP LD REP;31082367;5;21;Acabado;PO Taubate;Terceiros;1;UN;0.04;0.04;25.00;30.00;11;30;20;6
1573;STL CC24 SUPORTE FOG LAMP LE REP;31082368;5;21;Acabado;PO Taubate;Terceiros;1;UN;0.04;0.04;25.00;30.00;9;30;20;4
557;PLASTIC SPACER FILLER HEAD TOOLING    L7BR;31081775;13;19;Acabado;RRV;Terceiros;1;UN;1;2;1.00;1.00;8;30;20;5
1058;COBERTURA B562MCA FOG FECHADO;31082037;5;14;Acabado;RRV;Terceiros;1;UN;1;1;1.00;1.00;10;30;20;12
1059;GRADE B562MCA;31082038;5;14;Acabado;RRV;Terceiros;1;UN;1;1;1.00;1.00;4;25;15;7
1060;GRADE INFER. B562MCA;31082039;5;14;Acabado;RRV;Terceiros;1;UN;1;1;1.00;1.00;9;30;20;11
1061;DEFLETOR B562MCA;31082040;5;14;Acabado;RRV;Terceiros;1;UN;1;1;1.00;1.00;5;25;15;12
1210;DE INJEcaO TUBO LIQUID TRAP;31082127;13;19;Acabado;RRV;Terceiros;1;UN;450;450;74362.00;104000.00;3;25;15;4
1589;STL CC24 TAMPA DO FOG LAMP LD REP;31082384;5;21;Acabado;PO Taubate;Terceiros;1;UN;0.05;0.05;25.00;30.00;13;30;20;3
1588;STL CC24 TAMPA DO FOG LAMP LE REP;31082383;5;21;Acabado;PO Taubate;Terceiros;1;UN;0.05;0.05;25.00;30.00;5;25;15;3
1575;STL CC24 TAMPA INF DA GRADE LD;31082370;5;21;Acabado;PO Taubate;Terceiros;1;UN;0.07;0.07;45.00;54.00;10;30;20;4
1574;STL CC24 TAMPA INF DA GRADE LE;31082369;5;21;Acabado;PO Taubate;Terceiros;1;UN;0.07;0.07;45.00;54.00;9;30;20;9
554;FILLER PIPE BRACKET SMART CAR PSA;31081772;13;19;Acabado;Santos e Porto;Terceiros;1;UN;1;2;169180.00;382393.00;5;25;15;5
1197;Empilhadeira/acessorios;31082124;9;17;Acabado;Santos e Porto;Terceiros;1;UN;600;600;4620.00;45000.00;3;25;15;14
84;AGRAFE PSA;31081578;1;1;Materia Prima;SIMOLDES;Terceiros;1;UN;1;1;0.36;0.73;4;25;15;3
626;PP/PE N718 G32 717 BLACK TITAN;31081815;12;6;Materia Prima;SIMOLDES;Terceiros;1;KG;1;1;1.00;1.00;3;25;15;15
651;PPT10 Y054 preto;31081828;1;21;Materia Prima;Simoldes;Terceiros;1;KG;1;1;1.00;9.44;8;30;20;12
972;WASHER SEAL - CN1517K823ABPIA1;31082003;1;14;Materia Prima;SLIMSULATE;Terceiros;1;UN;1;1;0.08;0.15;5;25;15;8
997;Saco bolha - 1000 x 800 mm;31082028;6;14;Embalagem;SO BOLHAS;Terceiros;1;UN;1;1;4.00;6.05;11;30;20;5
1335;CLIP METALICO FILTER BRACKET SC24;31082169;1;8;Materia Prima;STAMPER;Terceiros;1;UN;0.01;0.21;0.17;0.34;10;30;20;10
560;GRADE ARMATURE;31081778;13;19;Acabado;STAR;Terceiros;1;UN;1;2;1.00;1.00;8;30;20;7
1214;MAQUINA DE SOLDA VIBRAcaO;31082130;16;24;Acabado;STAR;Terceiros;1;UN;150;151;66498.00;79797.60;4;25;15;3
439;GARNITURE SEUIL COFFRE PSA;31081699;13;19;Acabado;STAR SEIKI;Terceiros;1;UN;3999;4000;1.00;1.00;7;30;20;8
440;GARNITURE VOLET SUP PSA;31081700;13;19;Acabado;STAR SEIKI;Terceiros;1;UN;2399;2400;1.00;1.00;6;30;20;11
441;RENFORT AR GARNITURE AI94 D/G PSA;31081701;13;19;Acabado;STAR SEIKI;Terceiros;1;UN;2799;2800;1.00;1.00;5;25;15;4
442;CORPO DO PUXADOR SMP;31081702;13;19;Acabado;STAR SEIKI;Terceiros;1;UN;164;165;1.00;1.00;11;30;20;9
443;HASTE DA TRAVA DO MECANISMO SMP;31081703;13;19;Acabado;STAR SEIKI;Terceiros;1;UN;419;420;1.00;1.00;3;25;15;13
458;MOLDURA FORD B562;31081718;13;19;Acabado;STAR SEIKI;Terceiros;1;UN;489;490;1.00;1.00;6;30;20;3
576;ES-1200II;31081791;14;20;Acabado;STAR SEIKI;Terceiros;1;UN;1;1;73382.00;116000.00;10;30;20;10
577;INSTALAcaO  ESW-1200II na Engel 800T;31081792;10;18;Acabado;Star Seiki;Terceiros;1;UN;1;1;6445.00;7000.00;9;30;20;4
653;GARRA DE EXTRAcaO DO TELAIO FIAT X6H;31081829;10;18;Acabado;STAR SEIKI;Terceiros;1;UN;1;1;2582.00;8660.00;5;25;15;3
1577;STL CC24 TAMPA SUP DA GRADE LD;31082372;5;21;Acabado;PO Taubate;Terceiros;1;UN;0.07;0.07;45.00;54.00;9;30;20;7
1062;DEFLETOR DE AR B562MCA;31082041;5;14;Acabado;Star Ultrasonica;Terceiros;1;UN;1;1;1.00;1.00;6;30;20;3
1576;STL CC24 TAMPA SUP DA GRADE LE;31082371;5;21;Acabado;PO Taubate;Terceiros;1;UN;0.07;0.07;45.00;54.00;14;35;25;3
479;TRAVA DO CINTO DE SEGURANcA UP;31081720;13;19;Acabado;STECK;Terceiros;1;UN;349;350;1.00;1.00;12;30;20;3
480;TAMPA DO PLUG;31081721;13;19;Acabado;STECK;Terceiros;1;UN;149;150;1.00;1.00;9;30;20;13
481;CLIP FIXAcaO CENTRAL BREAK LIGHT;31081722;13;19;Acabado;STECK;Terceiros;1;UN;249;250;1.00;1.00;7;30;20;10
501;HOUSING SIGMA;31081723;13;19;Acabado;STECK;Terceiros;1;UN;499;500;1.00;1.00;6;30;20;5
502;TRAPPE GANCHO AI94;31081724;13;19;Acabado;STECK;Terceiros;1;UN;299;300;1.00;1.00;4;25;15;12
511;TAMPA DRL AI51;31081731;13;19;Acabado;STECK;Terceiros;1;UN;449;450;1.00;1.00;9;30;20;14
512;SUPORTE LATERAL A9;31081732;13;19;Acabado;STECK;Terceiros;1;UN;449;450;1.00;1.00;9;30;20;11
513;SUPORTE DO SENSOR LATERAL / CENTRAL A9;31081733;13;19;Acabado;STECK;Terceiros;1;UN;299;300;1.00;1.00;9;30;20;10
514;TRAPPE ANNEAU PC AI51;31081734;13;19;Acabado;STECK;Terceiros;1;UN;299;300;1.00;1.00;8;30;20;5
515;BAVETTE AI51;31081735;13;19;Acabado;STECK;Terceiros;1;UN;3799;3800;1.00;1.00;11;30;20;9
516;MOLDURA COIFA DE CAMBIO SEM GRAPA;31081736;13;19;Acabado;STECK;Terceiros;1;UN;272;273;1.00;1.00;6;30;20;2
518;BRACKET SENSOR MID;31081737;13;19;Acabado;STECK;Terceiros;1;UN;249;250;1.00;1.00;9;30;20;11
519;BRACKET SENSOR MID;31081738;13;19;Acabado;STECK;Terceiros;1;UN;249;250;1.00;1.00;3;25;15;13
520;TOWING EYE COVER;31081739;13;19;Acabado;STECK;Terceiros;1;UN;299;300;1.00;1.00;5;25;15;5
657;BR04 INNER ROCKER P1/P6 ATACAMA/LUNARE;31081831;13;19;Acabado;STECK;Terceiros;1;UN;1;2;51361.00;281777.94;8;30;20;7
658;BR06 P1/P6 CONTACT COVER;31081832;13;19;Acabado;STECK;Terceiros;1;UN;1;2;88859.00;110635.52;5;25;15;14
659;BR10 CASING SSO 20A SCREW ATACAMA/LUNARE;31081833;13;19;Acabado;STECK;Terceiros;1;UN;1;2;116931.00;225995.40;14;35;25;5
660;BR59 SHUTTER BRA/ITA 10/20A;31081834;13;19;Acabado;STECK;Terceiros;1;UN;1;2;8328.00;296430.90;4;25;15;9
661;BR75 P1-P6 INNER ROCKER CYPRUS;31081835;13;19;Acabado;STECK;Terceiros;1;UN;1;2;126356.00;140000.00;8;30;20;7
668;FUNDO CAIXA EMBALAGEM S02;31081837;6;12;Embalagem;STECK;Terceiros;1;UN;1;2;1.00;3.27;8;30;20;5
669;MP 086014 RESINA PA66 086014HEL (NYLON 6.6 NATURAL) - BASF;31081838;1;25;Materia Prima;STECK;Terceiros;1;KG;1;1;14.00;38.27;7;30;20;14
670;MT M81902301432 (RESINA PLASTICA PA66  GF30 15T NATURAL);31081839;12;25;Materia Prima;STECK;Terceiros;1;KG;1;1;43.00;52.25;3;25;15;12
671;MT ITPM005010 RESINA PA66 00501HEL;31081840;12;25;Materia Prima;STECK;Terceiros;1;KG;1;1;5.00;55.73;6;30;20;9
672;MP 099007 MASTER 099007HEL;31081841;12;25;Materia Prima;STECK;Terceiros;1;KG;1;1;70.00;72.01;7;30;20;5
677;TAMPA CAIXA EMBALAGEM S02;31081844;6;25;Embalagem;STECK;Terceiros;1;UN;1;2;1.00;1.02;13;30;20;15
678;PALLET P12 800X1200;31081845;6;25;Embalagem;STECK;Terceiros;1;UN;1;2;15.00;26.49;13;30;20;12
699;POLIESTIRENO ALTO IMPACTO NATURAL;31081856;1;25;Materia Prima;STECK;Terceiros;1;KG;1;1;1.00;7.51;8;30;20;13
709;POLIESTIRENO MEDIO IMPACTO BR;31081864;1;25;Materia Prima;STECK;Terceiros;1;KG;1;1;24.00;38.99;13;30;20;10
713;ADITIVO ANTIMICROBIANO NATURAL 09901700;31081868;1;25;Materia Prima;STECK;Terceiros;1;KG;1;1;57.00;106.11;13;30;20;14
858;ABS HF380 UV - BR0656 (ABS BRANCO OPACO);31081956;1;25;Materia Prima;STECK;Terceiros;1;KG;1;1;38.00;38.03;9;30;20;9
859;ABS HF380 UV - GR0015;31081957;1;25;Materia Prima;STECK;Terceiros;1;KG;1;1;37.00;39.58;3;25;15;13
860;ABS HF380 UV - MF0759;31081958;1;25;Materia Prima;STECK;Terceiros;1;KG;1;1;25.00;39.58;14;35;25;5
937;MP 086014 RESINA PA66 086014HEL (NYLON 6.6 NATURAL) - DUPONT;31081981;1;25;Materia Prima;STECK;Terceiros;1;KG;1;1;24.00;32.82;11;30;20;8
938;MP 086014 RESINA PA66 086014HEL (NYLON 6.6 NATURAL) - RADILON;31081982;1;25;Materia Prima;STECK;Terceiros;1;KG;1;1;5.00;30.17;9;30;20;3
1151;PALLETS DE MADEIRA U12471;31082104;6;14;Embalagem;STECK;Terceiros;1;UN;1;1;41.00;59.34;12;30;20;12
1515;SUPORTE DE MONTAGEM  BRACKET  INJEcaO;31082310;13;19;Acabado;FANANDRI;Terceiros;1;UN;200;201;80.00;96.00;6;30;20;3
13;PP SS 6515 RT101;31081522;1;1;Materia Prima;SUMMA;Terceiros;1;KG;1;1;8.00;11.51;9;30;20;13
14;PP TD20 6415 RT101;31081523;1;1;Materia Prima;SUMMA;Terceiros;1;KG;1;1;3.00;10.79;12;30;20;15
34;PP TD10 HX CB11160G PRETO;31081541;1;11;Materia Prima;SUMMA;Terceiros;1;KG;1;1;1.00;14.54;14;35;25;10
384;PP EPDM TD30 PRETO;31081659;1;14;Materia Prima;SUMMA;Terceiros;1;KG;1;1;11.00;13.26;14;35;25;5
507;TAMPA DO FAROL PC D AI51;31081727;13;19;Acabado;SYNCHRO-TECH;Terceiros;1;UN;449;450;1.00;1.00;7;30;20;14
686;CONTROLADOR DE TEMPERATURA SY-4000/12 ZONAS;31081847;10;18;Acabado;SYNCHRO-TECH;Terceiros;1;UN;1;1;11975.00;13500.00;5;25;15;13
1486;SUPPORT BRACKET LH;31082281;5;21;Acabado;PO Taubate;Terceiros;1;UN;1;1;21.00;25.20;8;30;20;15
505;SUPORTE E EMBELEZADOR DO ESCAPAMENTO AI91;31081725;13;19;Acabado;TANBY;Terceiros;1;UN;449;450;1.00;1.00;7;30;20;9
94;SACO DE PAPEL 7cm x 17cm x 5cm;31081587;1;12;Embalagem;TANBY;Terceiros;1;UN;1;1;2.00;1.00;10;30;20;4
356;LAPIS DERMATOGRAFICO BRANCO  1 UN;31081639;7;15;Acabado;TANBY;Terceiros;1;UN;1;1;9.00;10.13;9;30;20;3
357;LAPIS DERMATOGRAFICO LARANJA  1 UN;31081640;7;15;Acabado;TANBY;Terceiros;1;UN;1;1;9.00;10.45;15;35;25;7
358;CANETA ESFER 0.7M AZUL  1 UN;31081641;7;15;Acabado;TANBY;Terceiros;1;UN;1;1;1.00;1.00;12;30;20;14
359;CANETA P RETROPROJ 2.0MM PRETO  1 UN;31081642;7;15;Acabado;TANBY;Terceiros;1;UN;1;1;2.00;3.90;6;30;20;4
360;LAPIS DERMATOGRAFICO PRETO  1 UN;31081643;7;15;Acabado;TANBY;Terceiros;1;UN;1;1;1.00;9.30;8;30;20;2
361;ARQUIVO MORTO PAPELaO 1 UN;31081644;7;15;Acabado;TANBY;Terceiros;1;UN;1;1;1.00;1.90;7;30;20;5
362;CANETA P RETROPROJ 2.0MM VERDE  1 UN;31081645;7;15;Acabado;TANBY;Terceiros;1;UN;1;1;3.00;3.90;8;30;20;11
363;ESTILETE ESTREITO CIS  1 UN;31081646;7;15;Acabado;TANBY;Terceiros;1;UN;1;1;3.00;4.22;12;30;20;15
364;CANETA P RETROPROJ 2.0MM AZUL  1 UN;31081647;7;15;Acabado;TANBY;Terceiros;1;UN;1;1;1.00;3.90;13;30;20;13
365;ACUCAR REFINADO UNIaO;31081648;7;15;Acabado;TANBY;Terceiros;1;UN;1;1;2.00;3.50;7;30;20;4
366;CAFE PILaO;31081649;7;15;Acabado;TANBY;Terceiros;1;UN;1;1;8.00;12.76;14;35;25;2
367;PAPEL SULFITE A4;31081650;7;15;Acabado;TANBY;Terceiros;1;UN;1;1;12.00;19.10;15;35;25;11
368;CANETA MARCADOR PERMANENTE PX21 BRANCO;31081651;7;15;Acabado;TANBY;Terceiros;1;UN;1;1;4.00;20.50;14;35;25;12
369;CANETA MARCADOR PERMANENTE PX21 PT;31081652;7;15;Acabado;TANBY;Terceiros;1;UN;1;1;10.00;20.50;7;30;20;14
370;CANETA MARCADOR CD DUO MARKER PT;31081653;7;15;Acabado;TANBY;Terceiros;1;UN;1;1;4.00;5.20;6;30;20;3
371;CALCULADORA DE MESA 12 DIG;31081654;7;15;Acabado;TANBY;Terceiros;1;UN;1;1;21.00;21.50;3;25;15;5
372;DETERGENTE LIQUIDO YPE;31081655;7;15;Acabado;TANBY;Terceiros;1;UN;1;1;1.00;2.50;9;30;20;15
380;MOUSE SEM FIO 2.4 GHS PRETO;31081656;7;15;Acabado;TANBY;Terceiros;1;UN;1;1;25.00;29.90;5;25;15;14
219;SACO PLASTICO VALVULADO;31081614;6;12;Embalagem;TARZA;Terceiros;1;UN;1;1;1.00;2.89;4;25;15;5
418;PLASTIC CLAMP 3 WAY;31081678;13;19;Acabado;TARZIA;Terceiros;1;UN;349;350;1.00;1.00;6;30;20;8
427;BRACKET (SOBRE INJEcaO);31081687;13;19;Acabado;TARZIA;Terceiros;1;UN;1199;1200;1.00;1.00;11;30;20;4
435;RELEASE MECHANISM;31081695;13;19;Acabado;TARZIA;Terceiros;1;UN;239;240;1.00;1.00;10;30;20;10
1077;DEFLETOR B562;31082056;5;14;Acabado;TARZIA;Terceiros;1;UN;1;1;1.00;1.00;15;35;25;6
1078;REFORCO B515;31082057;5;14;Acabado;TARZIA;Terceiros;1;UN;1;1;1.00;1.00;5;25;15;7
1079;MOLDURA-LD B515 ( Fog )LE/LD;31082058;5;14;Acabado;TARZIA;Terceiros;1;UN;1;1;1.00;1.00;13;30;20;6
1080;GRADE B562;31082059;5;14;Acabado;TARZIA;Terceiros;1;UN;1;1;1.00;1.00;5;25;15;6
1081;GRADE B562;31082060;5;14;Acabado;TARZIA;Terceiros;1;UN;1;1;1.00;1.00;4;25;15;15
1082;DEFLETOR B515;31082061;5;14;Acabado;TARZIA;Terceiros;1;UN;1;1;1.00;1.00;10;30;20;9
1296;PA66+15FV;31082141;1;22;Materia Prima;TARZIA;Terceiros;1;KG;1;1;21.00;25.00;7;30;20;11
1485;SUPPORT BRACKET RH;31082280;5;21;Acabado;PO Taubate;Terceiros;1;UN;1;1;21.00;25.20;13;30;20;4
1580;TAMPA LIQUID TRAP TAOS;31082375;13;19;Acabado;RRV;Terceiros;1;UN;124;124;32.00;38.40;9;30;20;2
1454;TAPPING SCREW WITH FCS THREAD;31082249;5;22;Materia Prima;AGRATI;Terceiros;1;UN;1;1;115.00;138.00;15;35;25;5
85;FITA ADESIVA ANTI ESTAcALHAMENTO 70mmx70mm;31081579;1;2;Materia Prima;TARZIA;Terceiros;1;UN;1;1;4.00;6.14;15;35;25;10
96;SACO PLASTICO 600X900;31081588;6;12;Embalagem;TARZIA;Terceiros;1;UN;1;1;0.08;0.16;7;30;20;3
97;SACO PLASTICO 500X650;31081589;6;12;Embalagem;TARZIA;Terceiros;1;UN;1;1;0.18;0.36;5;25;15;2
98;SACO PLASTICO 1000X730;31081590;6;12;Embalagem;TARZIA;Terceiros;1;UN;1;1;0.39;0.78;12;30;20;15
99;SACO PEBD 450x550x0.06mm AZUL;31081591;6;12;Embalagem;TARZIA;Terceiros;1;UN;1;1;0.09;0.17;3;25;15;6
100;SACO PEBD 450x550x0.06mm AMARELO;31081592;6;12;Embalagem;TARZIA;Terceiros;1;UN;1;1;0.09;0.18;11;30;20;8
101;SACO PEHD 200X750X0.05mm;31081593;6;12;Embalagem;TARZIA;Terceiros;1;UN;1;1;0.06;0.12;11;30;20;10
102;SACO PLASTICO 200X400;31081594;6;12;Embalagem;TARZIA;Terceiros;1;UN;1;1;0.30;0.60;13;30;20;4
103;SACO PLASTICO 300X500;31081595;6;12;Embalagem;TARZIA;Terceiros;1;UN;1;1;0.11;0.23;6;30;20;5
104;SACOPLASTICO 200X300;31081596;6;12;Embalagem;TARZIA;Terceiros;1;UN;1;1;0.03;0.06;5;25;15;5
105;SACO PLASTICO 300X1100;31081597;6;12;Embalagem;TARZIA;Terceiros;1;UN;1;1;0.12;0.24;13;30;20;5
106;SACO PLASTICO 300X1350;31081598;6;12;Embalagem;TARZIA;Terceiros;1;UN;1;1;0.07;0.14;4;25;15;11
107;SACO PLASTICO 250X550;31081599;6;12;Embalagem;TARZIA;Terceiros;1;UN;1;1;0.05;0.09;8;30;20;6
109;SACO PLASTICO 150X250X0.06 mm;31081600;6;12;Embalagem;TARZIA;Terceiros;1;UN;1;1;0.02;0.03;12;30;20;9
110;SACO PLASTICO 75X130;31081601;6;12;Embalagem;TARZIA;Terceiros;1;UN;1;1;0.02;0.04;11;30;20;4
222;ESTILETE 1OMM ESTREITO;31081616;7;15;Acabado;TARZIA;Terceiros;1;UN;1;1;9.00;19.80;9;30;20;14
223;ESTILETE 18MM REFORcADO;31081617;7;15;Acabado;TARZIA;Terceiros;1;UN;1;1;5.00;23.70;4;25;15;10
224;FILME STRETCH;31081618;7;15;Embalagem;TARZIA;Terceiros;1;UN;1;1;1.00;78.00;12;30;20;3
225;FITA DE ARQUEAR;31081619;7;15;Embalagem;TARZIA;Terceiros;1;UN;1;1;163.00;168.90;9;30;20;7
226;FIVELA PLASTICA PARA FITA DE ARQUEAR;31081620;7;15;Embalagem;TARZIA;Terceiros;1;UN;1;1;37.00;98.00;10;30;20;5
227;LAMINA DE ESTIELE 10MM;31081621;7;15;Acabado;TARZIA;Terceiros;1;UN;1;1;1.00;1.76;9;30;20;13
228;LAMINA ESTILETE 18MM;31081622;7;15;Acabado;TARZIA;Terceiros;1;UN;1;1;2.00;2.23;10;30;20;11
229;LAMINA DE REBARBAR;31081623;7;15;Acabado;TARZIA;Terceiros;1;UN;1;1;4.00;4.90;14;35;25;13
230;SUPORTE DA LAMINA DE REBARBAR;31081624;7;15;Acabado;TARZIA;Terceiros;1;UN;1;1;27.00;28.25;15;35;25;9
238;SACO PLASTICO 190X250;31081626;6;12;Embalagem;TARZIA;Terceiros;1;UN;1;1;0.02;0.03;13;30;20;12
385;SACO PLASTICO 200X550;31081660;6;12;Embalagem;TARZIA;Terceiros;1;UN;1;1;0.04;0.08;14;35;25;3
407;SACO PLASTICO 250x620;31081674;6;12;Embalagem;TARZIA;Terceiros;1;UN;1;1;0.15;0.30;9;30;20;12
773;SACO PLASTICO 300X400;31081914;6;12;Embalagem;TARZIA;Terceiros;1;UN;1;1;0.07;0.14;6;30;20;13
866;SACO PLASTICO 120X200;31081962;6;1;Embalagem;TARZIA;Terceiros;1;UN;1;1;0.01;0.02;9;30;20;7
963;Saco liso pead (Espessura 0.06mm) - 1200 x 450 mm;31081994;6;14;Embalagem;TARZIA;Terceiros;1;UN;1;1;0.39;0.77;9;30;20;11
964;Saco liso pead (Espessura 0.06mm) - 220 x 120 mm;31081995;6;14;Embalagem;TARZIA;Terceiros;1;UN;1;1;0.02;0.04;10;30;20;5
965;Saco liso pead (Espessura 0.06mm) - 1200 x 600 mm;31081996;6;14;Embalagem;TARZIA;Terceiros;1;UN;1;1;1.00;1.03;7;30;20;11
966;Saco liso pead (Espessura 0.06mm) -  1100 x 450 mm;31081997;6;14;Embalagem;TARZIA;Terceiros;1;UN;1;1;0.35;0.71;4;25;15;13
967;Saco liso pead (Espessura 0.06mm) - 1200 x 400 mm;31081998;6;14;Embalagem;TARZIA;Terceiros;1;UN;1;1;0.34;0.69;9;30;20;7
968;Saco liso pead (Espessura 0.06mm) -  540 x 150 mm;31081999;6;14;Embalagem;TARZIA;Terceiros;1;UN;1;1;0.05;0.10;12;30;20;7
969;Saco liso  pead (espessura 0.06mm) 1200 x 650mm;31082000;6;14;Embalagem;TARZIA;Terceiros;1;UN;1;1;1.00;1.11;11;30;20;6
1172;SACO PLASTICO 350X1300;31082114;6;1;Embalagem;Tarzia;Terceiros;1;UN;1;1;0.15;0.30;15;35;25;8
1311;SACO PLASTICO 650X1200X0.06MM;31082149;1;16;Materia Prima;Tarzia;Terceiros;1;UN;1000;1000;1.00;1.11;11;30;20;7
1312;SACO PLASTICO 300X2000X0.16;31082150;6;16;Embalagem;Tarzia;Terceiros;1;UN;1000;1000;1.00;1.06;11;30;20;4
1456;TESTE DE VALIDAcaO - NOZZLE GUIDE;31082251;17;19;Acabado;POLYFAST;Terceiros;1;UN;1;0;50.00;60.00;6;30;20;9
86;INSERTO METALICO X6H;31081580;1;7;Materia Prima;TECHMOL;Terceiros;1;UN;1;1;0.29;0.57;11;30;20;5
875;POCAN B 1505 PRETO;31081965;1;14;Materia Prima;TECNOMATIZ;Terceiros;1;KG;1;1;5.00;46.28;6;30;20;11
1083;GRADE BV256;31082062;5;14;Acabado;TERYUA;Terceiros;1;UN;1;1;1.00;1.00;5;25;15;4
1084;GRADE INFER. B515;31082063;5;14;Acabado;TERYUA;Terceiros;1;UN;1;1;1.00;1.00;12;30;20;3
1085;SUPORTE B562;31082064;5;14;Acabado;TERYUA;Terceiros;1;UN;1;1;1.00;1.00;12;30;20;2
1086;GRADE / COBERTURA B562;31082065;5;14;Acabado;TERYUA;Terceiros;1;UN;1;1;1.00;1.00;4;25;15;12
1087;REFORCO BV256;31082066;5;14;Acabado;TERYUA;Terceiros;1;UN;1;1;1.00;1.00;5;25;15;6
1088;GRADE INF. B256.11;31082067;5;14;Acabado;TERYUA;Terceiros;1;UN;1;1;1.00;1.00;15;35;25;12
326;DESMOLDANTE;31081629;7;15;Acabado;TERYUA;Terceiros;1;UN;1;1;3.00;12.10;6;30;20;6
114;INSERTO METALICO X6H;31081604;1;7;Materia Prima;THAMETAL;Terceiros;1;UN;1;1;0.34;0.67;15;35;25;15
609;INSERTO METALICO X6H - RETRABALHADO;31081803;1;7;Materia Prima;THAMETAL;Terceiros;1;UN;1;1;0.10;0.19;11;30;20;3
1304;CAIXA KLT 6429  PRETA;31082145;6;14;Embalagem;THERMOBLEND;Terceiros;1;UN;1000;1000;24.00;90.00;15;35;25;4
1455;TESTE DE VALIDAcaO DE MOLDES;31082250;17;19;Acabado;THERMOBLEND;Terceiros;1;UN;1;0;50.00;60.00;13;30;20;2
15;PA66 FV20 PRETO;31081524;1;5;Materia Prima;THERMOBLEND;Terceiros;1;KG;1;1;4.00;26.83;8;30;20;15
16;PA66 FV30 PRETO PTN3230TIBK;31081525;1;3;Materia Prima;THERMOBLEND;Terceiros;1;KG;1;1;9.00;26.65;11;30;20;12
21;PA66 FV30 PRETO RESISTENTE A HIDROLESE;31081530;1;5;Materia Prima;THERMOBLEND;Terceiros;1;KG;1;1;15.00;15.25;5;25;15;7
408;PA66 FV30 PRETO RESISTENTE A HIDROLESE (PTN 3230 T H I BK);31081675;1;22;Materia Prima;THERMOBLEND;Terceiros;1;KG;1;1;28.00;30.75;6;30;20;14
783;POM NATURAL KP20;31081918;3;14;Materia Prima;THERMOBLEND;Terceiros;1;KG;1;1;14.00;18.20;5;25;15;10
820;POLIAMIDA NATURAL;31081936;1;14;Materia Prima;THERMOBLEND;Terceiros;1;KG;1;1;10.00;32.00;14;35;25;7
839;ABS AG12 A0 NR (NATURAL);31081944;1;14;Materia Prima;THERMOBLEND;Terceiros;1;KG;1;1;34.00;37.80;9;30;20;2
1278;PA 66 FV 15 PRETO PTN3215BK;31082136;1;22;Materia Prima;THERMOBLEND;Terceiros;1;KG;1;1;18.00;38.00;10;30;20;14
1495;TIE STRAP (BRAcADEIRA);31082290;1;3;Materia Prima;ARaymond;Terceiros;1;UN;0.015;0.015;10.00;12.00;8;30;20;6
1519;USADO NO ESTADO E SEM GARANTIA;31082314;13;19;Acabado;BASELL;Terceiros;1;UN;50;100;150.00;180.00;9;30;20;10
525;REAR WHEEL ARCH UPPER;31081744;13;19;Acabado;TMR AUTOMOcaO;Terceiros;1;UN;199;200;1.00;1.00;4;25;15;8
764;Separador de Galhos de Injecao;31081906;5;14;Acabado;TMR AUTOMOcaO;Terceiros;1;UN;1;1;3412.00;9500.00;4;25;15;5
586;IMPRESSORA ARGOX OS 214 PLUS;31081796;8;14;Acabado;TRIMTEC;Terceiros;1;UN;1;2;571.00;1500.00;15;35;25;12
620;IMPRESSORA BROTHER;31081812;8;14;Acabado;TRIMTEC;Terceiros;1;UN;1;2;1408.00;1700.00;4;25;15;4
38;PP TD20 TRC 352 PRETO (115100490271);31081544;1;11;Materia Prima;TRIMTEC;Terceiros;1;KG;1;1;7.00;10.45;10;30;20;2
46;PP RB344 - NEUTRAL BLACK - NH900L (115002170);31081549;1;6;Materia Prima;TRIMTEC;Terceiros;1;KG;1;1;6.00;8.70;6;30;20;15
82;SPRING SLIDING COVER FIAT X6H (Mola);31081576;1;2;Materia Prima;TRIMTEC;Terceiros;1;UN;1;1;0.10;0.19;15;35;25;2
237;PP TD20 LAMA (XM2V05-357008);31081625;1;14;Materia Prima;TRIMTEC;Terceiros;1;KG;1;1;8.00;8.77;5;25;15;12
625;PP+EPDM+TD10 NF PEAR Y 368-CZ68/B1;31081814;1;14;Materia Prima;TRIMTEC;Terceiros;1;KG;1;1;6.00;10.10;14;35;25;7
1173;FERRAMENTAL FIA STILO - TRT;31082115;13;19;Acabado;TRIMTEC;Terceiros;1;UN;1;1;1.00;1.00;12;30;20;14
1381;DE INJEcaO DUTO DE AR GMB 31UX;31082191;13;19;Acabado;TRIMTEC;Terceiros;1;UN;8000;8000;195590.00;822696.77;6;30;20;14
1382;DE INJEcaO STIFFENER  GMB 31UX;31082192;13;19;Acabado;TRIMTEC;Terceiros;1;UN;1000;1000;29442.00;360951.80;11;30;20;9
1406;ESPUMA FILLER CUP X52 PH L52;31082202;1;12;Materia Prima;TRIOESPUMA;Terceiros;1;UN;0.096;0.096;1.00;1.09;14;35;25;6
1601;Ventilador de parede 60cm;31082395;16;24;Acabado;POLYFAST;Terceiros;1;UN;10;10;500.00;600.00;15;35;25;2
1407;ESPUMA FILLER CUP  HJF;31082203;5;22;Materia Prima;TRIOSPOUMA;Terceiros;1;UN;1;1;0.47;0.94;4;25;15;5
1598;Ventilador de parede 60cm;31082393;16;24;Acabado;TARZIA;Terceiros;1;un;10;10;500.00;600.00;7;30;20;11
1354;Espuma AA FILLER CUP ASSY X67 CUR;31082176;12;14;Materia Prima;TRIOSPUMA;Terceiros;1;UN;1;1;0.46;0.91;6;30;20;9
1408;ESPUMA FILLER CUP HJD;31082204;5;22;Materia Prima;TRIOSPUMA;Terceiros;1;UN;1;1;1.00;1.41;7;30;20;10
1409;ESPUMA FILLER CUP U79;31082205;5;22;Materia Prima;TRIOSPUMA;Terceiros;1;UN;1000;1000;0.47;0.94;9;30;20;14
1410;ESPUMA FILLER CUP HHA;31082206;1;22;Materia Prima;TRIOSPUMA;Terceiros;1;UN;1;2;0.48;0.96;8;30;20;14
1411;ESPUMA FILLER CUP HHA;31082207;5;22;Materia Prima;TRIOSPUMA;Terceiros;1;UN;1;1;0.48;0.96;4;25;15;4
1412;ESPUMA FILLER CUP X67;31082208;5;11;Materia Prima;TRIOSPUMA;Terceiros;1;UN;1;1;1.00;1.00;3;25;15;12
1537;VW UP16 FT ENT PLATE;31082332;13;19;Acabado;PO;Terceiros;1;UN;600;600;200.00;240.00;13;35;25;2
1535;VW UP16 FT ENT PLATE LH;31082330;5;14;Acabado;PO;Terceiros;1;UN;0.021;0.021;200.00;240.00;8;30;20;4
1536;VW UP16 FT ENT PLATE RH;31082331;5;14;Acabado;PO;Terceiros;1;UN;0.021;0.021;200.00;240.00;5;25;15;4
1442;WELD BRACKET;31082237;13;22;Acabado;GOOD MOLD;Terceiros;1;UN;500;501;20.00;24.00;14;35;25;12
561;FRONT WHEELARCH L/R      UP CROSS;31081779;13;19;Acabado;ULTRA;Terceiros;1;UN;1;2;1.00;1.00;15;35;25;11
1215;DISPOSITIVO DE SOLDA (KAUTEX);31082131;13;19;Acabado;ULTRA;Terceiros;1;UN;60;61;7373.00;66500.00;4;25;15;9
394;PALLET DE MADEIRA;31081665;6;15;Embalagem;Vetherm;Terceiros;1;UN;1;1;39.00;50.00;7;30;20;9
424;ASSY FLV 50L PETROL (CACHIMBaO);31081684;13;19;Acabado;Vetherm;Terceiros;1;UN;219;220;1.00;1.00;13;35;25;10
432;TRIM PANEL;31081692;13;19;Acabado;Vetherm;Terceiros;1;UN;399;400;1.00;1.00;14;35;25;7
1275;DE INJEcaO CLIP 2 WAY;31082134;13;8;Acabado;Vetherm;Terceiros;1;UN;550;550;23388.00;112776.00;5;25;15;3
1415;Maquina Injetora Engel 400 tons;31082211;16;24;Acabado;Vetherm;Terceiros;1;Un;800;800;110812.00;145000.00;5;25;15;6
1424;WELD BRACKET;31082220;5;3;Acabado;PO Piraquara;Terceiros;1;UN;0.0132;0.0128;20.00;24.00;7;30;20;12
402;TAMPA DE BORRACHA NITRILICA;31081671;5;22;Materia Prima;Vetherm;Terceiros;1;UN;1;1;0.11;0.21;14;35;25;4
1091;STOP BUMP COVER HONDA TF04 - 520040;31082070;1;14;Materia Prima;VETHERM;Terceiros;1;UN;1;1;0.10;0.21;13;35;25;5
962;CAIXA DE PAPELaO 1000X1200X800;31081993;6;14;Embalagem;WOODPACK;Terceiros;1;UN;1;1;193.00;338.30;10;30;20;3
;;;;;;;;;;;;;;;;;
